{"chunk_definitions":[{"row":21,"row_count":1,"visible":true,"expansion_state":0,"options":{"engine":"r","label":"unnamed-chunk-2","warning":false,"message":false,"dev":"png"},"document_id":"952A977C","chunk_id":"c2zxdpvu87fd7","chunk_label":"unnamed-chunk-1"},{"row":35,"row_count":1,"visible":true,"expansion_state":0,"options":{"engine":"r","label":"unnamed-chunk-9","dev":"png"},"document_id":"952A977C","chunk_id":"cy4kui9meu0ak","chunk_label":"unnamed-chunk-2"},{"row":58,"row_count":1,"visible":true,"expansion_state":0,"options":{"engine":"r","label":"unnamed-chunk-18","dev":"png"},"document_id":"952A977C","chunk_id":"c5z0n2d5mwc0e","chunk_label":"unnamed-chunk-3"},{"row":68,"row_count":1,"visible":true,"expansion_state":0,"options":{"engine":"r","label":"unnamed-chunk-16","dev":"png"},"document_id":"952A977C","chunk_id":"cginpyfvige7d","chunk_label":"unnamed-chunk-4"},{"row":77,"row_count":1,"visible":true,"expansion_state":0,"options":{"engine":"r","label":"unnamed-chunk-21","dev":"png"},"document_id":"952A977C","chunk_id":"cmcza1gqx4tti","chunk_label":"unnamed-chunk-5"}],"doc_write_time":1718970518}