CoffeePrice,CoffeeDemand,CoffeeSeller
2.07515504024923,16.5707491872823,Standard
3.07661027088761,12.7827720051397,Standard
2.3179538436234,19.0997085812796,Standard
3.26603480800986,15.7040181811831,Standard
3.38093456858769,10.8388632195795,Standard
1.59111299877986,19.0363661019618,Standard
2.55621097609401,14.539471426205,Standard
3.28483808878809,10.0039835925518,Standard
2.60287002893165,16.4916301755813,Standard
2.41322947060689,16.6018881696621,Standard
3.41366669069976,13.5642613928746,Standard
2.40666831238195,17.2123001464566,Standard
2.85514127090573,17.199506516076,Standard
2.64526680391282,16.4753945972283,Standard
1.70584936533123,17.6495802182592,Standard
3.29964994080365,12.6314516737465,Standard
1.99217546870932,17.7598680077897,Standard
1.58411906706169,19.8676767719728,Standard
2.1558414385654,15.4531149788997,Standard
3.40900729829446,13.4043603674319,Standard
3.27907863212749,16.0972986239533,Standard
2.8856068123132,15.1266193805914,Standard
2.7810136275366,14.2601177822014,Standard
3.48853955324739,12.9824910034067,Standard
2.81141159823164,17.795062296029,Standard
2.91706093633547,16.3489051134219,Standard
2.58813204942271,18.7089554518951,Standard
2.68828404089436,16.2133435916405,Standard
2.07831947458908,18.5855917692136,Standard
1.79422729462385,17.5004042914322,Standard
3.42604846507311,14.9325959426413,Standard
3.30459809023887,13.0735386449049,Standard
2.88141055684537,12.5146373200724,Standard
3.09093483537436,14.9831814252452,Standard
1.5492273690179,23.2440203284092,Standard
2.45559194218367,18.2350528525951,Standard
3.01691907504573,17.2797495547553,Standard
1.93281587166712,18.919263831185,Standard
2.1363620152697,16.3737995975585,Standard
1.96325157070532,17.7057635776635,Standard
1.78560004476458,18.0967036520824,Standard
2.32909267162904,16.0753224255487,Standard
2.32744865259156,18.4259886100848,Standard
2.23769090184942,14.8922002897209,Standard
1.80488949548453,20.318063777772,Standard
1.77761212689802,20.3954685917577,Standard
1.9660681989044,15.7045506851493,Standard
2.43192490050569,17.983209294284,Standard
2.03194528073072,22.7646174624968,Standard
3.21565543068573,13.2386027440596,Standard
1.5916623333469,20.9148214827754,Standard
2.38440014841035,15.2823958635301,Standard
3.09784969128668,16.9278737625456,Standard
1.74379851995036,19.268253880002,Standard
2.62189596751705,19.4381428806952,Standard
1.91306277923286,15.3428702052276,Standard
1.75506330048665,18.6322143262893,Standard
3.00661572860554,13.9263024619322,Standard
3.2900907183066,13.7351981069276,Standard
2.24892555177212,15.9940658593116,Standard
2.83023038925603,13.8416216711619,Standard
1.68968132184818,20.0884007836884,Standard
2.26793927559629,15.0210207450573,Standard
2.04876728914678,20.8217599956722,Standard
3.12928007775918,12.239746596095,Standard
2.3970326827839,17.0110602544389,Standard
3.1201287060976,15.7055924553602,Standard
3.12477901903912,15.7991336210679,Standard
3.08868464222178,14.1304527456019,Standard
2.37966337520629,17.0200138650379,Standard
3.0089503172785,16.8956773517838,Standard
2.75844226311892,12.8117413764904,Standard
2.92036480270326,13.6754261688261,Standard
1.5012495466508,20.1370559886808,Standard
2.45063314819708,15.7585365987348,Standard
1.94023777032271,20.9192946769739,Standard
2.25963307544589,18.567608500372,Standard
2.72554200654849,15.967707485184,Standard
2.20359581848606,14.3736979094684,Standard
1.72227084869519,18.8853879045669,Standard
1.98723894543946,17.4054514272876,Standard
2.83611117489636,15.2869734482697,Standard
2.33529355935752,14.6310008678161,Standard
3.07639166805893,15.7681410834831,Standard
1.7057292885147,16.8048992538418,Standard
2.36978548299521,16.4381995881295,Standard
3.46991395996884,14.3531097789962,Standard
3.28610222879797,12.57466173558,Standard
3.27293812157586,15.3471684466325,Standard
1.85010530054569,15.8166632950595,Standard
1.7613913831301,13.0962764926886,Standard
2.80620385007933,16.5113244313337,Standard
2.1870329445228,19.1199808203536,Standard
2.81351625593379,14.9877603850159,Standard
2.14074648497626,18.5860130542544,Standard
1.87538223853335,16.0620202342326,Standard
3.06458860263228,14.5519369784518,Standard
1.68718997342512,15.0553933276434,Standard
2.43355808313936,19.061687533459,Standard
2.52301091980189,20.1507889636807,Standard
2.69997791852802,18.0480907649799,Standard
2.16564708063379,17.4483648252712,Standard
2.47722606733441,16.5016611134449,Standard
3.40894765499979,10.7410217886984,Standard
2.4658047943376,18.1833563047637,Standard
3.28070044424385,13.7364303058849,Standard
3.32887637382373,12.6998850278067,Standard
2.71746996464208,13.0235385207572,Standard
2.32137955306098,16.4363363475245,Standard
1.79418938187882,16.9193095843301,Standard
3.37059960654005,13.0941401397242,Standard
2.10245779994875,15.2574266246266,Standard
1.62144114309922,22.5108555365937,Standard
3.39545388007537,13.781633305358,Standard
2.94119254685938,17.3263125139666,Standard
1.78458859119564,13.4428348858978,Standard
2.5985693121329,15.2978964036116,Standard
3.40818247711286,12.4244879854773,Standard
2.67096670623869,13.5412475225521,Standard
2.30902056349441,20.1661566179649,Standard
2.79578695865348,12.7820752845006,Standard
2.13964123418555,18.2178568182594,Standard
2.11544002173468,19.3465525059553,Standard
1.93953526252881,18.5377745892496,Standard
2.23897773167118,15.5325558499954,Standard
3.46843840694055,15.4770163926267,Standard
1.80840460164472,18.9159623587475,Standard
1.68208799976856,16.8267401879303,Standard
1.78381381556392,15.8724604581041,Standard
2.88001420302317,19.5333922599168,Standard
2.73851296678185,14.4274548088176,Standard
3.28278823429719,10.4404919892724,Standard
2.84599818522111,16.528524169844,Standard
2.97415547585115,15.6979940845683,Standard
2.54227145155892,13.6655169738781,Standard
2.81967689935118,11.6550564747826,Standard
3.14361092029139,14.3365622048086,Standard
3.07256310340017,17.0611032732183,Standard
3.4596438347362,14.8933165661557,Standard
2.37886307248846,15.8775359342107,Standard
2.12340440414846,15.9614103243859,Standard
2.31894990522414,17.5852837978287,Standard
1.52093422366306,19.7519040234431,Standard
1.86769904801622,19.6563263493368,Standard
3.18545863777399,13.6520281861002,Standard
1.96232356410474,19.911737414092,Standard
1.97819991130382,16.4037772114161,Standard
1.65338233066723,18.3787636077584,Standard
1.99144735606387,19.5072869792602,Standard
2.96427041105926,17.0871319840764,Standard
3.19490633020178,10.5382716064879,Standard
2.49505453417078,16.72921721152,Standard
2.27581805968657,18.3901038444095,Standard
1.99289798829705,15.1196574081276,Standard
1.72219292260706,19.7946724319292,Standard
2.27998887049034,15.5036848477354,Standard
2.64387062797323,18.1088941404092,Standard
1.93378552561626,19.2756074873565,Standard
2.38953600404784,18.3694965778477,Standard
1.93598133744672,18.4334946462339,Standard
2.5045991265215,18.213499488751,Standard
2.20780914369971,20.13760162553,Standard
2.79997031763196,19.5325850780154,Standard
2.24942791322246,17.1949261508345,Standard
2.21089076157659,12.8692255346054,Standard
2.56737589091063,16.3609243364561,Standard
2.98066872078925,15.4691162545322,Standard
1.94220587564632,17.8626916787722,Standard
2.3254922372289,18.1601005298675,Standard
2.03137337369844,19.9272358079332,Standard
2.75994610693306,14.6841968188652,Standard
1.86765698157251,17.8088384009703,Standard
3.22728822287172,15.1138197489855,Standard
2.99313600827009,13.9201444922115,Standard
2.83656929945573,15.6728268686093,Standard
2.73603574652225,11.8684775626627,Standard
2.24447612045333,15.0267721958448,Standard
2.55967137170956,13.6654749336631,Standard
3.24936468573287,12.5446585493469,Standard
2.66350019956008,14.6228903454584,Standard
3.17953552957624,15.226003696364,Standard
2.12489632982761,19.5895370155625,Standard
2.91658064443618,13.7954910085164,Standard
2.03003561217338,15.9162151987239,Standard
2.68868638807908,13.8505631177838,Standard
2.46257960097864,15.7830837443367,Standard
2.03006546292454,17.4317454749213,Standard
2.62918086955324,17.0796924590168,Standard
3.32637644605711,13.3782209774919,Standard
3.30374877899885,9.9317751252834,Standard
2.04833324300125,17.672131719896,Standard
2.14296551281586,19.9454770828555,Standard
3.47128176875412,15.9693572307583,Standard
2.73998662037775,14.2021137026443,Standard
3.37462817830965,10.7805623777959,Standard
2.43306540464982,21.6169247697811,Standard
2.31366518652067,16.7341605554792,Standard
2.81846064841375,15.3497155545475,Standard
1.80469323368743,19.427068676334,Standard
2.64573411643505,12.8347187374566,Standard
1.97745205368847,16.611205616552,Standard
3.42471787286922,10.6449615708123,Standard
2.70273145195097,14.5056164161259,Standard
2.53005945449695,16.6475205025183,Standard
2.30514668440446,14.3551410308128,Standard
3.26049308246002,15.3984861113546,Standard
2.22818372957408,17.8941368689124,Standard
2.07647856138647,15.9621342645993,Standard
1.8412904702127,18.928778474124,Standard
1.84434349276125,19.9631318467039,Standard
2.46408521104604,18.7299348733854,Standard
2.00592985702679,17.5565138716266,Standard
1.9325095792301,18.0151976744876,Standard
2.84875277616084,15.2803134015536,Standard
1.59532725485042,22.0969417475588,Standard
2.90170617494732,17.545025259714,Standard
2.20377727691084,19.0574713047816,Standard
2.31788799585775,16.4716544127454,Standard
3.1419026479125,15.3207749245953,Standard
3.33771469630301,14.7934365735324,Standard
2.06505666021258,15.7214834307836,Standard
3.42220958741382,10.2767622071171,Standard
2.95678885653615,16.4132934856948,Standard
2.87275016400963,12.3231284456103,Standard
1.60568788554519,19.1863037203328,Standard
2.29044026928023,17.629174834856,Standard
2.45569075969979,17.7606625015124,Standard
2.62050652736798,16.5173328929257,Standard
2.89652318973094,13.8447228182129,Standard
3.33136707684025,15.9786304892702,Standard
2.73670245474204,19.2671601695864,Standard
2.35684301750734,18.6918285653289,Standard
2.58416073443368,12.360215994051,Standard
1.61695697717369,21.9482814392848,Standard
2.02171371411532,17.8227469652815,Standard
2.29430390661582,18.1669168387911,Standard
1.89548947336152,19.5575980516576,Standard
3.16385512566194,14.3150624766008,Standard
1.80577444564551,18.432150267766,Standard
3.10683708405122,16.7178028865081,Standard
2.59365231310949,17.642246905644,Standard
2.8246352840215,17.506618640024,Standard
1.84339698776603,23.2356624271626,Standard
2.76611071964726,17.0304995684464,Standard
2.12373949354514,18.0435438341352,Standard
2.94910869281739,10.7314077003966,Standard
2.29787964932621,22.4897890585136,Standard
3.43871282227337,12.7185078895873,Standard
3.43479674123228,18.445079206494,Standard
2.95340507803485,15.8890719019054,Standard
2.01443349290639,21.0335599190744,Standard
1.94357586931437,17.9498517497044,Standard
2.68609130335972,16.9646675993171,Standard
2.03504286427051,18.322787366473,Standard
2.56214079773054,15.9413362080614,Standard
3.07058334257454,14.5474623230314,Standard
1.83612162107602,20.5173038084605,Standard
2.3087983620353,16.6706886199511,Standard
2.44315255526453,12.5951773453248,Standard
3.23621361376718,13.8995806610388,Standard
3.3514159116894,15.0253334760043,Standard
3.26395511860028,15.441046076902,Standard
2.84837368503213,16.6880145798585,Standard
3.40033395867795,10.414795082228,Standard
2.53288978850469,17.1388147505083,Standard
2.65303804259747,17.9766042921017,Standard
2.17266241181642,20.0351701274861,Standard
2.19464926281944,16.9661296694535,Standard
1.54004860110581,18.736069024317,Standard
2.50562609126791,19.4587973899523,Standard
3.24208682728931,10.9378834265734,Standard
1.51260156789795,18.5885353424799,Standard
1.64411424798891,19.9825814147482,Standard
1.82842244999483,15.2791851192531,Standard
3.04066814854741,15.4372512792213,Standard
2.97036861162633,18.8446222072254,Standard
3.44375127134845,13.660624879082,Standard
2.43294475367293,16.144257689054,Standard
1.64876902662218,20.0035163482016,Standard
2.79763624863699,15.0489469125144,Standard
3.01718633901328,16.5752417311183,Standard
1.77421216201037,20.4862344428683,Standard
2.29316918924451,17.1258757547267,Standard
1.94997065840289,15.7967037092919,Standard
1.61591712106019,16.5158071819012,Standard
2.2917853766121,15.9386491388531,Standard
1.62985659996048,20.7051912012182,Standard
1.9517728658393,14.2282710531682,Standard
1.60925821820274,15.3995750279267,Standard
2.84056407911703,14.1707481131287,Standard
2.09548356523737,18.5023390002491,Standard
1.70144316460937,17.0685384098419,Standard
1.64380819443613,20.8420734908837,Standard
3.2608811375685,14.8840965276049,Standard
3.00849480414763,14.6332363510799,Standard
3.13321177521721,16.2380209474119,Standard
3.46428074734285,14.3838880836102,Standard
1.70719928992912,17.9865320757883,Standard
1.69808365870267,19.3679788927283,Standard
3.09766322234646,16.0020370489158,Standard
3.06915053306147,15.5051150905397,Standard
1.51885981019586,18.1274001535135,Standard
3.05813176557422,16.5360091134057,Standard
2.9587813038379,17.4295285396035,Standard
2.76026370562613,16.2717579962083,Standard
2.46182165993378,16.902744345123,Standard
1.81327370274812,18.408928730196,Standard
1.51643103966489,23.7735385736109,Standard
2.40491678845137,17.3378806989175,Standard
2.48458665749058,16.2296519701284,Standard
2.27917422307655,12.1466417263758,Standard
2.42933188378811,13.5814408185746,Standard
2.92655800143257,15.0649795944812,Standard
1.61060385266319,19.5807765316966,Standard
2.20956619502977,17.9250463326339,Standard
3.10562454583123,16.3261399234035,Standard
3.17141767404974,14.0974421592099,Standard
1.97549880994484,20.5026811591306,Standard
2.207972205244,15.5330512985288,Standard
3.21377084031701,11.9418020381628,Standard
3.20752674760297,11.9194474020835,Standard
2.09179091081023,19.2092213159423,Standard
1.79409664915875,18.4518701678453,Standard
2.90798412263393,16.8556834757392,Standard
1.70761337643489,18.3417470275812,Standard
1.56745554599911,18.113849157577,Standard
3.49880905589089,12.7668676820743,Standard
1.56974960817024,15.5855175270058,Standard
2.17678256751969,15.1304217766127,Standard
3.33012752328068,11.1255481374411,Standard
2.73447053926066,17.9052329261687,Standard
2.07257069740444,16.5876277250611,Standard
2.97559480601922,16.6521352875227,Standard
3.16810861835256,17.5286553483262,Standard
2.12854156084359,17.2308256992494,Standard
2.48513309564441,17.1123585257715,Standard
2.89474753243849,11.8136223638924,Standard
2.78292470797896,14.0138863210235,Standard
2.78784582996741,15.7488922088635,Standard
3.45570680964738,14.2310533777302,Standard
2.32947066891938,15.4927917586441,Standard
1.73880955995992,24.1532893185738,Standard
2.55205932026729,15.4270417610134,Standard
1.95014670165256,18.2780470083024,Standard
2.47282352810726,17.8811131499853,Standard
2.24042959697545,17.2266739395257,Standard
3.46670036157593,12.312764141218,Standard
2.27663823030889,19.2606966369999,Standard
1.95848968066275,21.3556216044262,Standard
2.74659509258345,15.70082678015,Standard
1.77308039413765,19.8052935083932,Standard
3.43493898864836,13.5003580370497,Standard
2.53014361578971,18.4424795880352,Standard
1.82614065846428,16.2092432360874,Standard
2.7438045903109,20.4103066770562,Standard
3.4719083304517,12.3772125130682,Standard
2.83754303492606,12.5696720663456,Standard
2.33783179381862,16.284668964158,Standard
2.14668998634443,17.8533470092567,Standard
3.1705106399022,17.7357104956538,Standard
1.78763408726081,20.4595170917602,Standard
1.88563189376146,18.6280211828072,Standard
3.29347736528143,11.3406008561794,Standard
2.1162391086109,15.9192071848231,Standard
2.22660108702257,16.9936268744737,Standard
3.06789295747876,19.9023733544849,Standard
1.88675735983998,14.6192727720432,Standard
1.53553162375465,21.6555144324281,Standard
2.31321573257446,16.0058842878088,Standard
2.46633533854038,19.9329757843537,Standard
2.34368990035728,14.6905290189814,Standard
2.18561760336161,17.7303936592407,Standard
3.23296662932262,12.1019982286266,Standard
2.41021610191092,18.5763845469906,Standard
2.5675297472626,19.2649697356884,Standard
3.42768666381016,17.6183820213718,Standard
3.04918308416382,16.4476520626876,Standard
1.91775269713253,21.9332744177581,Standard
2.11757366545498,20.1401268209583,Standard
3.44268490048125,13.4081954749082,Standard
2.66980018699542,16.9446739155832,Standard
3.02164725074545,12.9910698248118,Standard
2.24541878886521,16.8933392946024,Standard
3.03838782245293,17.3267639493388,Standard
2.5753543660976,17.3565051886719,Standard
3.32799089932814,14.9307419652662,Standard
1.87059288378805,16.3119592692614,Standard
2.06443683477119,16.5976630350182,Standard
1.68992482637987,17.4010134933533,Standard
1.92097415821627,19.0276692653782,Standard
3.4541979925707,11.6563907613548,Standard
2.0926043507643,18.8462697279052,Standard
2.95196605380625,12.9112690147142,Standard
3.07137566851452,18.4429339107272,Standard
1.7108354922384,19.788676222241,Standard
1.9791892580688,16.6604250012871,Standard
2.04108974477276,18.3588226306842,Standard
1.70211698813364,18.1887426371432,Standard
1.73582768253982,19.5348128718999,Standard
3.48247311171144,14.0396461023863,Standard
3.47210859460756,11.5554458708544,Standard
1.77413494279608,17.0949674139728,Standard
3.31061916332692,14.6673298794984,Standard
2.65260367514566,19.3202927920662,Standard
2.29089771816507,19.2965408628466,Standard
2.39960496826097,15.5520501479809,Standard
2.9130038022995,16.9128343963965,Standard
1.66500549158081,18.907846819745,Standard
2.17862516036257,18.0667518223491,Standard
2.86157510243356,15.9359976741724,Standard
2.13389849616215,22.7492040389603,Standard
3.16313719609752,12.140010790533,Standard
1.93034416530281,18.4108072221173,Standard
2.49589787237346,12.9523518069444,Standard
2.05209934525192,19.0233738101618,Standard
1.88404663745314,20.5410770310834,Standard
3.40124252811074,16.6875968978701,Standard
2.14345107553527,13.71935626972,Standard
2.45691276760772,17.4548006915649,Standard
1.55598514387384,22.5187844711458,Standard
2.59491893602535,15.3872114658393,Standard
2.78848044108599,15.2102576125781,Standard
2.69252708926797,15.8493442877866,Standard
2.14387475140393,18.2984132486543,Standard
3.28222862491384,15.4836338767504,Standard
2.75251389481127,18.3781000829891,Standard
2.10580983059481,17.4915953273256,Standard
2.2764093275182,17.5633281083904,Standard
1.82095018494874,23.5131451995967,Standard
3.22510379506275,15.1868864710417,Standard
3.40620242757723,14.158898935928,Standard
2.62728936690837,13.433645648708,Standard
2.15909482678399,17.5284276148925,Standard
3.49323443742469,13.0776443813922,Standard
1.96963935159147,18.0689902856069,Standard
2.72534393053502,14.6731329258526,Standard
1.71635705884546,17.4772975185782,Standard
2.47406513988972,15.1362573166906,Standard
1.69889164669439,18.4743160291173,Standard
1.82233152538538,21.2692707199011,Standard
2.06598574155942,19.9002160284404,Standard
2.6677446719259,15.2768157483362,Standard
2.96341531770304,11.7379211378134,Standard
1.83104182220995,16.8177076762982,Standard
3.23293552640826,13.3856723542942,Standard
2.91714827436954,15.455831185348,Standard
3.02079907245934,13.6123882312204,Standard
1.79416821710765,22.6308567303408,Standard
2.21611392684281,16.8071231506349,Standard
2.84666496282443,13.0321161710477,Standard
2.54764520330355,16.0745408755243,Standard
2.19960358552635,15.3904340802341,Standard
1.98106140317395,18.3691272050288,Standard
1.61638359259814,19.6181164503853,Standard
1.9732394842431,18.7914567705275,Standard
3.28015582635999,10.9158160026716,Standard
3.12365483213216,15.0704580855448,Standard
2.99503264436498,15.6358022279883,Standard
1.80982345156372,15.7283127502999,Standard
1.74948417721316,20.6622787478213,Standard
3.44945161696523,15.219986907293,Standard
2.3722599921748,21.4824587457845,Standard
2.42803325364366,17.0293062138205,Standard
1.83059616247192,18.6016785676202,Standard
2.66987311467528,16.183552324139,Standard
2.04155603889376,18.0148643451193,Standard
1.96019384078681,14.4224729269642,Standard
2.8824156629853,12.0104988937596,Standard
2.06570479925722,17.6478076686459,Standard
3.1207961323671,13.4754768417657,Standard
1.68783321417868,19.0459734075788,Standard
3.14406014233828,10.3454028264641,Standard
2.35485656140372,13.9380338067353,Standard
3.01177451945841,12.7617095637473,Standard
2.82477101311088,17.4978034027879,Standard
2.38905479386449,14.6358556042263,Standard
2.75429236888886,14.1380949861804,Standard
1.50093069812283,19.6569555429796,Standard
1.93448702804744,17.5510461922075,Standard
2.909744491335,15.5636008833309,Standard
1.9303329763934,22.8191250349112,Standard
3.12786744255573,12.3671903298164,Standard
2.11552774859592,17.0424774743926,Standard
2.87548537133262,14.3400249865147,Standard
3.36536215804517,16.9287043795294,Standard
1.7315593296662,17.2663521652209,Standard
1.75541137577966,18.5695920651096,Standard
2.85644771484658,17.0049240841057,Standard
2.3578971917741,14.8091273527809,Standard
3.16880195587873,17.8039457638478,Standard
3.44287613360211,15.0228964301422,Standard
1.6409779554233,16.9286529146694,Standard
2.41957038640976,17.6504444588862,Standard
2.90317023685202,14.8638750029778,Standard
1.67388033587486,19.6048165363641,Standard
3.48588803224266,13.3623855092407,Standard
2.00619798805565,20.1224381093897,Standard
1.59907687129453,16.5005686147097,Standard
2.8726498936303,14.3368169247173,Standard
3.07385470531881,14.2800545285328,Standard
2.20721215195954,14.8066470545849,FairTrade
2.23288288991898,14.6527205404558,FairTrade
2.07420026138425,16.9524548089477,FairTrade
1.65994582464919,17.9482418693752,FairTrade
2.23090853914619,11.9415482419253,FairTrade
1.85602762922645,19.4905520955382,FairTrade
2.57210744125769,15.9903947451261,FairTrade
2.50789742404595,20.0762707419337,FairTrade
3.39007020695135,14.4021532283331,FairTrade
2.1826425679028,15.8658097969503,FairTrade
2.42942754831165,20.9899641744208,FairTrade
1.66506236325949,23.2693259895954,FairTrade
3.22021369216964,11.4676990233857,FairTrade
2.29132127994671,17.1994258088743,FairTrade
2.97179870074615,14.0015393142983,FairTrade
1.8434868119657,17.9905803090967,FairTrade
2.40952326264232,16.4219594497611,FairTrade
3.04040951887146,11.9113915621085,FairTrade
1.62529999669641,18.800691254017,FairTrade
3.13016299018636,17.0711725821148,FairTrade
2.10228504892439,16.6080113506766,FairTrade
2.22934205597267,16.2416399584221,FairTrade
2.12422558385879,19.357175418217,FairTrade
1.57473992975429,20.0503674369419,FairTrade
2.53760984679684,12.6736407712028,FairTrade
2.85802683141083,15.1231247407805,FairTrade
3.30646712053567,16.3876303728665,FairTrade
1.5510533968918,21.0494425788682,FairTrade
3.47815654147416,13.6692589165905,FairTrade
2.10577524919063,18.1914492301504,FairTrade
3.37827680120245,11.0485138945733,FairTrade
2.87521516345441,15.2021128463687,FairTrade
2.39407398970798,14.3391773465088,FairTrade
3.13295627757907,13.0899942724462,FairTrade
1.57899839570746,20.1049912832517,FairTrade
2.97806337103248,12.3172086229618,FairTrade
2.19743898743764,17.1078797880024,FairTrade
3.15850164694712,14.6113428949021,FairTrade
2.57108278339729,15.6427014738592,FairTrade
2.0490907272324,20.3375767703298,FairTrade
3.10189642384648,12.1642751794097,FairTrade
1.68328938959166,19.2094952407683,FairTrade
3.16421554842964,13.6636998881428,FairTrade
2.05371014494449,16.5747425407599,FairTrade
3.00622019916773,15.1173256433479,FairTrade
3.4283051402308,11.2211940300996,FairTrade
1.66293312003836,15.8132823021556,FairTrade
3.20872949296609,12.8046188945282,FairTrade
3.10447643417865,17.1501812104417,FairTrade
2.27034720918164,16.5163696876758,FairTrade
2.15519479801878,17.3465170025557,FairTrade
1.90987740596756,17.1196315748745,FairTrade
2.63876532530412,16.1944674741349,FairTrade
3.27611038088799,11.786256717994,FairTrade
2.55942818289623,17.6618971094245,FairTrade
2.67391731357202,16.2981092590756,FairTrade
2.83147028507665,13.3371210924327,FairTrade
2.55978491716087,15.6748195826951,FairTrade
2.51968579879031,16.9823080986065,FairTrade
1.53232096182182,19.560184978415,FairTrade
1.59541996987537,21.0407633159398,FairTrade
3.35870136506856,12.1563880824905,FairTrade
3.03857107739896,16.1971897834257,FairTrade
1.90216123219579,19.3495188445264,FairTrade
2.80052300076932,14.5860136603438,FairTrade
2.80753336474299,13.1014851951659,FairTrade
2.29050752287731,14.3970668400637,FairTrade
3.12460965709761,14.7626485187179,FairTrade
2.59404683532193,15.3492360568688,FairTrade
3.27026530308649,16.7186154213818,FairTrade
2.60662797512487,16.4040272010311,FairTrade
3.31209622323513,12.7254201773238,FairTrade
2.67492273403332,13.3967480240086,FairTrade
2.3469273019582,15.1455878100318,FairTrade
3.3991706459783,13.7596042338781,FairTrade
2.91807580692694,13.7258977952099,FairTrade
2.32661081617698,17.178442849502,FairTrade
1.53672816744074,17.9416798205162,FairTrade
2.63346816552803,15.1729344841387,FairTrade
2.48012690618634,14.4927145610055,FairTrade
3.25734804244712,16.982769129739,FairTrade
3.12570537580177,14.5341735268216,FairTrade
3.20819995505735,14.1113606832327,FairTrade
2.23579189553857,13.4708511561468,FairTrade
3.24789982568473,14.7687159247031,FairTrade
1.80267634289339,15.9297161456257,FairTrade
2.06362333940342,15.4107534818923,FairTrade
2.83341031568125,16.4361241923633,FairTrade
3.45476715359837,12.1663140908499,FairTrade
2.665479473304,12.1230394234127,FairTrade
2.5531801590696,18.781604936499,FairTrade
1.62156444974244,14.0181306300404,FairTrade
3.43807772733271,14.0606353444824,FairTrade
1.74047425715253,19.78367330261,FairTrade
1.67672660201788,17.0017506941592,FairTrade
3.26152822980657,14.3412848261017,FairTrade
2.51674125948921,16.4918850465807,FairTrade
2.17498999461532,18.5656506908617,FairTrade
3.28866925090551,14.3342380706886,FairTrade
1.56394325615838,18.0237737547741,FairTrade
1.97445939481258,18.9228534593359,FairTrade
2.87298070220277,16.1094762053296,FairTrade
1.95163684664294,15.654428883291,FairTrade
2.13698917627335,14.281314007615,FairTrade
1.84796763351187,17.9293934348033,FairTrade
3.10285916738212,13.5085761399965,FairTrade
1.7925641159527,16.027593661125,FairTrade
3.14543478330597,14.0293143515397,FairTrade
2.16199565725401,14.3542188462869,FairTrade
2.24833877570927,16.7700249828303,FairTrade
2.75949084758759,13.8726054444205,FairTrade
1.69326748605818,19.8124199839778,FairTrade
1.54398743063211,22.8865169052576,FairTrade
3.48608956066892,11.2415776354239,FairTrade
2.66787769133225,17.1669502028338,FairTrade
3.06364613026381,15.6006957322179,FairTrade
3.28379224520177,13.3506528851652,FairTrade
3.00973090715706,13.4552168959419,FairTrade
3.45840746024624,15.8061722375934,FairTrade
1.58829413587227,14.7841229331452,FairTrade
3.30680176941678,12.2525242438227,FairTrade
3.23100162809715,11.0437770799343,FairTrade
3.05081518273801,16.6642001601627,FairTrade
2.25363283371553,16.1211986034642,FairTrade
1.58421609736979,17.4613651585822,FairTrade
2.22882216330618,22.2676957797315,FairTrade
2.04750253958628,16.9721755530021,FairTrade
3.20093496143818,12.9185398504695,FairTrade
2.22480342490599,17.0878275180177,FairTrade
2.10895558120683,14.0608644971413,FairTrade
3.01827067881823,15.1295597882369,FairTrade
3.18966924864799,13.5768654169769,FairTrade
2.4158431221731,16.8374001662523,FairTrade
2.9592633289285,12.6498692014192,FairTrade
1.7081572720781,16.2049729951072,FairTrade
1.93996635545045,16.1259511752966,FairTrade
3.4079024954699,11.7347015315703,FairTrade
3.00407508248463,16.626472200825,FairTrade
3.13791076652706,16.7425207883261,FairTrade
2.33555420348421,15.9444872944255,FairTrade
2.68767698621377,14.5596509309276,FairTrade
3.09764711558819,13.4245534700353,FairTrade
3.27681730082259,13.6218554877499,FairTrade
2.27038318663836,16.5903163794107,FairTrade
1.68064416851848,18.6481938092744,FairTrade
2.75148727418855,13.67666481097,FairTrade
2.99127243459225,12.8008964398059,FairTrade
1.67075691465288,20.3095447422496,FairTrade
2.10103522241116,15.9194686050217,FairTrade
2.72912431461737,15.6310217390155,FairTrade
3.00586411589757,14.1804471030511,FairTrade
3.33411426609382,11.6069397224567,FairTrade
2.45150101138279,16.9545585039306,FairTrade
2.63423893228173,15.6722958686703,FairTrade
2.97324069216847,16.8972120338939,FairTrade
3.2148948488757,13.888232190589,FairTrade
3.31829300895333,12.7801679092738,FairTrade
1.61276445072144,18.8239139368575,FairTrade
2.50581660820171,13.5990668679514,FairTrade
2.2010895460844,15.1122310202468,FairTrade
3.19111224589869,14.6642663389448,FairTrade
3.11287032766268,13.3730584275751,FairTrade
1.7346624545753,17.8507491782972,FairTrade
2.92537310998887,14.3090189040728,FairTrade
1.97053771605715,16.1145179096401,FairTrade
1.64991350239143,14.5816112567165,FairTrade
3.37129229446873,13.8511552923585,FairTrade
1.81433565029874,19.109377727898,FairTrade
2.79411470005289,12.5773781462164,FairTrade
1.84703549230471,20.3119219655418,FairTrade
1.54014801839367,19.2268494292954,FairTrade
2.54262769268826,18.041332222193,FairTrade
1.6725557865575,16.4266813707471,FairTrade
2.06600469211116,17.3087927119153,FairTrade
2.34086980205029,16.0314524479643,FairTrade
2.67455624835566,16.6271002571558,FairTrade
3.11338885920122,12.9346250860736,FairTrade
1.90399041771889,17.4602519791008,FairTrade
2.41884934343398,12.7837504363024,FairTrade
2.39628622774035,14.6510513423861,FairTrade
2.96749551640824,14.6193239930133,FairTrade
2.92950962111354,13.2330434124719,FairTrade
3.16244395775721,13.7504874480434,FairTrade
3.2731322417967,12.6656497457242,FairTrade
3.40528914798051,14.2171357159472,FairTrade
2.60123344371095,17.5597019689875,FairTrade
2.54467153223231,14.1399500134727,FairTrade
1.84139651060104,17.1072843137865,FairTrade
2.45854311995208,18.4617952172045,FairTrade
2.00764159299433,13.2197775227858,FairTrade
1.57956127403304,17.8435642801709,FairTrade
2.76960101956502,18.6846247547195,FairTrade
2.57912182807922,19.4690088228859,FairTrade
1.78020709985867,18.1192709924401,FairTrade
2.06742355367169,15.4499755832476,FairTrade
2.66606119042262,15.5662459028572,FairTrade
1.83005178440362,16.5178559125249,FairTrade
1.69260222138837,20.7065246660984,FairTrade
2.35722618270665,14.7123752898852,FairTrade
2.2115231314674,17.2578237901203,FairTrade
3.18986707972363,14.8651156030251,FairTrade
2.02026494732127,15.7777133635158,FairTrade
1.54628898436204,20.0485063720612,FairTrade
3.22479907935485,12.3018087222216,FairTrade
2.16917592240497,17.8438215184027,FairTrade
2.76357774343342,16.9596154836295,FairTrade
2.59285251749679,13.7015304389695,FairTrade
2.25288898637518,18.4610130132752,FairTrade
1.87174603017047,16.6907773443233,FairTrade
2.35788118233904,16.6919806704033,FairTrade
2.76154719712213,15.3548205784656,FairTrade
2.54168470250443,14.8601608673284,FairTrade
2.81924267439172,15.30678141026,FairTrade
2.95872186264023,12.2049309325804,FairTrade
2.47364574670792,15.5813809646141,FairTrade
2.2689132313244,17.9065751261565,FairTrade
1.51366701768711,14.6969412800946,FairTrade
1.50736845517531,15.9503643427467,FairTrade
3.48987288028002,10.7878810435134,FairTrade
1.71577376034111,15.163894645549,FairTrade
2.33733831671998,16.9769683522455,FairTrade
2.93576909322292,12.6989986000927,FairTrade
2.9850782644935,10.4470882793767,FairTrade
3.24399764742702,12.4447830453168,FairTrade
2.71573592210189,14.4212223732499,FairTrade
3.01240670261905,15.8062344152054,FairTrade
3.19448259612545,11.7492466264383,FairTrade
2.72555929794908,17.1861986962773,FairTrade
3.08644833555445,14.7663527150236,FairTrade
1.54570936691016,19.1696767197045,FairTrade
2.33382909931242,14.6973494054279,FairTrade
3.24976477492601,17.0922843365311,FairTrade
2.79469403112307,14.5996998119682,FairTrade
3.34895797353238,10.0032062252351,FairTrade
1.84445019206032,17.2841527945186,FairTrade
2.13162557827309,13.3362864956904,FairTrade
3.10851255850866,13.4263953719089,FairTrade
3.47792682237923,12.1540036093589,FairTrade
2.14477110374719,18.0074572418593,FairTrade
1.50238325679675,20.4601816896169,FairTrade
3.48434123862535,11.5884214711644,FairTrade
1.79670478357002,19.240552090722,FairTrade
1.59872859437019,20.9274686737302,FairTrade
2.69470696523786,13.7738905920935,FairTrade
2.14265688695014,15.6119671681458,FairTrade
2.55585800064728,16.7594128517995,FairTrade
3.09084404073656,14.3660386277631,FairTrade
1.63786519365385,19.2379858672035,FairTrade
2.89004139462486,17.1473116857735,FairTrade
3.39726301468909,13.8446868726392,FairTrade
2.05553863476962,18.9320002454838,FairTrade
1.99881317047402,18.3246716378323,FairTrade
1.81887096026912,18.5057909168755,FairTrade
1.64326011203229,18.9294976638383,FairTrade
2.61487516621128,17.7412439660118,FairTrade
2.47967410320416,14.0048773280288,FairTrade
2.48858472378925,13.7937753885277,FairTrade
3.27674317033961,14.5629476121301,FairTrade
1.57340871961787,18.2216733176686,FairTrade
1.90748762711883,17.6014952623883,FairTrade
2.52756227832288,17.0043686717722,FairTrade
1.9726797780022,18.6351597299219,FairTrade
2.65087133971974,14.8396662087615,FairTrade
2.46451582293957,15.2903251492804,FairTrade
2.63870537746698,15.4802319015599,FairTrade
1.78830463020131,19.7273485931467,FairTrade
1.79141752514988,18.5717260530876,FairTrade
2.32456622598693,18.8381714641197,FairTrade
2.8660205649212,14.6747939949726,FairTrade
2.80685564083979,16.886320330962,FairTrade
3.33197266608477,14.9266834281852,FairTrade
3.12622626498342,15.0356940611682,FairTrade
2.85178000247106,15.4762992650352,FairTrade
3.11499821860343,13.4627168511935,FairTrade
1.75612883921713,17.7109588497657,FairTrade
2.00155706796795,17.6083963951682,FairTrade
2.16309398319572,16.8150274519551,FairTrade
2.31453857989982,17.9856421613857,FairTrade
2.7707351539284,14.7680972318721,FairTrade
3.11722408980131,13.8333716807181,FairTrade
2.01760240271688,16.2771786745029,FairTrade
3.13893427979201,13.6480851972252,FairTrade
1.53095533791929,18.4364513638871,FairTrade
2.80880153318867,10.6897511607339,FairTrade
3.12343916855752,11.4853293561974,FairTrade
2.42273785360158,15.8435837866419,FairTrade
1.90683420328423,16.9926700157196,FairTrade
1.53753643436357,16.3795795495723,FairTrade
2.06626539444551,13.4230616392306,FairTrade
3.33054525125772,12.7035541755085,FairTrade
3.36739304102957,14.4108525592639,FairTrade
2.58506322745234,18.6951461778578,FairTrade
1.93884509196505,17.3081270046245,FairTrade
2.47885560803115,18.4990514498395,FairTrade
3.10229747230187,14.1527772140693,FairTrade
2.31526131555438,16.4936999725595,FairTrade
1.70742313377559,18.6331584760785,FairTrade
2.06113034952432,15.4556829449098,FairTrade
2.22293244116008,16.460403137425,FairTrade
2.01848968211561,18.7815857796908,FairTrade
2.44136366713792,14.5705389489661,FairTrade
2.23169094650075,15.9492053293495,FairTrade
1.74254410853609,15.8806347344187,FairTrade
1.59398736106232,19.0152706065281,FairTrade
2.02559260837734,17.890421044006,FairTrade
3.43728233594447,14.1989064579644,FairTrade
2.47699096472934,13.6210681455545,FairTrade
2.45564405946061,16.0716552901228,FairTrade
2.99758576229215,12.6076974443831,FairTrade
2.83528046263382,14.7769942906731,FairTrade
1.59883119352162,20.7801125947983,FairTrade
2.89021048881114,13.712044065966,FairTrade
2.22652313346043,17.8331128906546,FairTrade
3.26826721476391,12.172621625834,FairTrade
3.05059445928782,13.2919252892548,FairTrade
1.77840728266165,18.6323180313371,FairTrade
2.09001854248345,15.7165441399738,FairTrade
1.75216557085514,14.8533831412583,FairTrade
2.67980324756354,17.5058737654497,FairTrade
2.62335121771321,16.0409244968154,FairTrade
2.87744224024937,13.6048665102687,FairTrade
2.12254161806777,13.2552874904084,FairTrade
2.71117368293926,18.5615739079949,FairTrade
3.48206863785163,19.0046684285191,FairTrade
2.98640983039513,14.7128762250939,FairTrade
1.65171426068991,19.7396806095194,FairTrade
2.40233781281859,18.2374289045596,FairTrade
1.60707386909053,17.076237799268,FairTrade
2.17911102809012,16.0484248053369,FairTrade
2.96790429763496,11.2842596708973,FairTrade
1.50821388093755,17.3003389271917,FairTrade
3.04381896462292,15.2932626117886,FairTrade
2.42595042241737,15.4414549943561,FairTrade
2.94168070005253,14.0835452083181,FairTrade
2.83301143441349,14.5816596474963,FairTrade
2.64414744125679,11.9773718518632,FairTrade
2.90762590011582,16.0756187712811,FairTrade
2.81444212095812,12.2398306491377,FairTrade
2.07870429009199,16.5963312663851,FairTrade
1.69447891134769,17.2965969253858,FairTrade
3.42484264215454,12.6744874674107,FairTrade
2.97266805823892,17.0072013316315,FairTrade
2.72544693714008,14.0484960300461,FairTrade
1.739857761655,16.5448368189191,FairTrade
2.60051809297875,12.7231203394627,FairTrade
2.02551255561411,15.6757570418188,FairTrade
3.2967216623947,11.3403747057934,FairTrade
1.51835989160463,19.3310594675935,FairTrade
1.97246987186372,15.726429728781,FairTrade
1.76008919067681,18.4430170100879,FairTrade
2.15246629342437,16.4942782709431,FairTrade
2.95279777655378,11.8564745241546,FairTrade
3.48349047079682,11.4747836203884,FairTrade
2.93026705551893,16.0954279580989,FairTrade
2.50887962197885,17.3497860509796,FairTrade
2.37209534365684,19.7309553971363,FairTrade
3.39765050122514,13.1403689913275,FairTrade
1.74036297528073,15.260459106518,FairTrade
1.65029035322368,16.831007327024,FairTrade
3.27804298559204,14.2289546504954,FairTrade
2.34890419011936,19.6084232514644,FairTrade
1.58472135756165,18.6023244852627,FairTrade
2.79488428728655,16.9475318521003,FairTrade
2.43723832489923,17.3145552062383,FairTrade
2.73585224663839,12.9634635649375,FairTrade
2.04163086507469,16.7712677172066,FairTrade
1.81459057331085,20.0871581028244,FairTrade
1.72850854042918,19.564298230028,FairTrade
2.51536572631449,16.54027244851,FairTrade
2.5960645750165,16.3302183741305,FairTrade
1.78129237890244,16.949722560806,FairTrade
1.83953810017556,15.2904459454713,FairTrade
3.02397064631805,16.562251549174,FairTrade
2.55478988122195,13.0347142594559,FairTrade
3.22197871515527,11.9662490705792,FairTrade
2.84710997575894,15.8755180568348,FairTrade
1.52608205936849,16.3024118389301,FairTrade
2.88639780273661,13.6360796281728,FairTrade
3.28342746431008,11.3490212412923,FairTrade
2.76370035065338,16.1024633870173,FairTrade
1.71458930987865,18.8310544313005,FairTrade
3.342130407691,14.0672142655887,FairTrade
2.85072476230562,15.5293347791759,FairTrade
1.79718742519617,18.7911988104132,FairTrade
2.9906836845912,15.4778590002324,FairTrade
3.38519772375003,9.63933579911133,FairTrade
2.34156675124541,15.9415869709406,FairTrade
2.09544615633786,17.1256410092136,FairTrade
2.01885334029794,18.449742477902,FairTrade
1.94576263381168,15.2198134251366,FairTrade
2.63130868691951,14.4699244662648,FairTrade
3.0133002656512,12.3288718462594,FairTrade
2.8392070918344,16.6693318165577,FairTrade
2.59304558858275,17.7824984428868,FairTrade
3.12292731553316,15.3613288906005,FairTrade
3.01833360409364,12.0465064594899,FairTrade
1.5401369323954,19.3471167061793,FairTrade
2.26180740026757,18.5115670747097,FairTrade
1.60176022723317,18.6571891063494,FairTrade
3.09580587456003,13.0031661645632,FairTrade
3.34739842638373,11.3375317303867,FairTrade
2.58519674092531,14.3053844193083,FairTrade
3.20472920034081,14.9930123597205,FairTrade
2.66712572658435,14.4883454122179,FairTrade
2.83664728701115,15.1834297595598,FairTrade
2.5226291930303,18.0152777724187,FairTrade
3.02550117857754,15.2670494749701,FairTrade
3.30672457581386,15.8669097367922,FairTrade
3.14094902435318,10.8284041845871,FairTrade
1.64286369923502,17.7304779687336,FairTrade
1.50779268611223,18.7445236453605,FairTrade
1.60439723171294,19.3887087529278,FairTrade
3.23312035948038,11.5193790387548,FairTrade
2.65249033784494,16.7589107600548,FairTrade
2.12768514407799,17.383015219266,FairTrade
3.41893156757578,13.5599492785187,FairTrade
2.68238751403987,16.1363488341734,FairTrade
2.56281867157668,15.358380660649,FairTrade
2.26787334308028,18.0891502823656,FairTrade
2.13910645898432,17.9634048616622,FairTrade
3.11677251057699,13.6909828458249,FairTrade
1.58383899694309,20.2795455436783,FairTrade
2.2274853894487,17.0668980035019,FairTrade
3.21319393394515,14.8854901105501,FairTrade
2.89589315699413,13.5323900897934,FairTrade
2.86897294595838,17.5247557632954,FairTrade
2.19603010546416,16.624332594324,FairTrade
2.60936365881935,16.9589623734321,FairTrade
1.7744872351177,17.6737772715518,FairTrade
3.06986311264336,13.5940631407692,FairTrade
3.27372514316812,14.9181859263165,FairTrade
1.90819176658988,14.6139339166252,FairTrade
3.04124592291191,15.0414458895847,FairTrade
2.69272592151538,15.8995142989961,FairTrade
3.41533948481083,8.24392262962447,FairTrade
1.81737679522485,18.3926864852078,FairTrade
2.5519485482946,11.696197264721,FairTrade
3.24630273506045,14.7733699467316,FairTrade
3.23941214056686,12.78866007227,FairTrade
1.54737728647888,17.2617195837884,FairTrade
3.45177938695997,12.9775164321053,FairTrade
2.48044839641079,18.2781933313799,FairTrade
2.27834064606577,15.2492305874171,FairTrade
2.33510991977528,17.2327671617595,FairTrade
1.68585164099932,18.7251144042614,FairTrade
1.82361842039973,15.588373048386,FairTrade
2.31083299033344,13.1647446968319,FairTrade
2.18362888833508,13.0808218355978,FairTrade
2.33051490643993,17.2338003519664,FairTrade
2.10810493817553,16.8239599685346,FairTrade
2.62056107493117,18.7314019491987,FairTrade
1.81174830114469,18.7785451215539,FairTrade
3.41315952828154,14.6312899719322,FairTrade
1.58793325070292,20.7968840265645,FairTrade
2.24431548547,15.5901907158001,FairTrade
3.42523068282753,13.9850072906114,FairTrade
2.79085503146052,16.470348295204,FairTrade
1.6225252286531,20.7595098753115,FairTrade
2.3198918569833,17.6450856781359,FairTrade
2.35181026812643,16.9378151339006,FairTrade
2.51631616940722,14.1398798236309,FairTrade
2.3991998215206,17.3555291673141,FairTrade
2.74652276700363,15.9355625460424,FairTrade
1.77995586208999,18.9797784566115,FairTrade
3.31589280162007,14.1464719573319,FairTrade
2.63888654951006,14.9839205259428,FairTrade
2.59656114783138,15.3316140541078,FairTrade
1.73365524504334,19.2096551932811,FairTrade
3.02405666466802,14.5391723849269,FairTrade
2.45673889340833,14.3812617753273,FairTrade
3.06393782934174,13.5922938792588,FairTrade
1.5920530972071,16.0086197145817,FairTrade
3.13968933559954,12.1542435019573,FairTrade
2.03881689487025,16.8271310786323,FairTrade
2.06570082902908,13.7728289943408,FairTrade
2.78644311893731,11.879938500817,FairTrade
3.39623767556623,15.1355280998429,FairTrade
1.51399690890685,17.5714949005896,FairTrade
2.20323534402996,13.2775723891204,FairTrade
2.33809144981205,16.0163809645729,FairTrade
2.415753594134,18.3722392580101,FairTrade
2.92338515864685,15.7142407744065,FairTrade
3.33969611534849,14.1093710225259,FairTrade
2.75422140117735,17.1435005786894,FairTrade
3.30436355667189,12.0286430916699,FairTrade
3.01465831836686,15.5709314211698,FairTrade
1.77571673132479,16.7936673707562,FairTrade
1.80650975601748,17.7624972430018,FairTrade
1.88262437377125,21.5264268908756,FairTrade
2.36637028120458,17.8825080967834,FairTrade
1.67443860368803,19.5265419339957,FairTrade
1.947560002096,15.3570857526489,FairTrade
2.6442973590456,13.9163130027773,FairTrade
2.30033835675567,20.4404284298794,FairTrade
2.63093076134101,13.4023594169591,FairTrade
3.15924775740132,14.2242443790493,FairTrade
2.78422763897106,16.5323677543307,FairTrade
2.28299750341103,18.2130715903241,FairTrade
2.91915970947593,16.4948384621744,FairTrade
1.71764814620838,17.7251881942023,FairTrade
