IceConsumption,Temperature,IcePrine
89.057949410379,25.7515504024923,1.08855724960073
70.4180347069839,35.7661027088761,1.25116885703985
113.300881934442,28.179538436234,0.917213397804402
55.2473413726433,37.6603480800986,1.41881903245513
22.6372236691532,38.8093456858769,1.67557432816114
28.0672509738156,20.9111299877986,1.70729728400677
104.503164348508,30.5621097609401,1.06411337682716
35.3798427795214,37.8483808878809,1.45198117729015
109.986509098359,31.0287002893165,1.07163802166088
109.122325522404,29.1322947060689,1.06936080818123
25.1982552051049,39.1366669069976,1.56514501866749
110.783487423206,29.0666831238195,0.88958276837104
102.551578445761,33.5514127090573,1.10448751334276
109.221188225228,31.4526680391282,1.08403034502622
44.3546216233663,22.0584936533123,1.43024663582765
41.0325051522643,37.9964994080365,1.50982230536623
84.2295929816552,24.9217546870932,1.1588571954529
29.2296229118273,20.8411906706169,1.60053170458442
92.5481790712727,26.558414385654,1.11281322870335
25.5309464467493,39.0900729829446,1.55559123197384
54.5149551738062,37.7907863212749,1.38857645145694
94.3172044775727,33.856068123132,1.08935439135543
97.8626458464252,32.810136275366,1.04406974598095
9.80290963325594,39.8853955324739,1.66512024148611
106.907108941094,33.1141159823164,1.0220768994175
95.7081779595332,34.1706093633547,1.11341409827227
116.803389462687,30.8813204942271,1.05975604559345
107.34050619325,31.8828404089436,0.926797375779826
95.3953888099936,25.7831947458908,1.087710838681
57.8622742070455,22.9422729462385,1.40124022078799
27.1233187702439,39.2604846507311,1.68877739390737
41.6041055748039,38.0459809023887,1.49837465718708
86.7699212950089,33.8141055684537,1.15941144105448
75.4601288108423,35.9093483537436,1.21666563489367
32.5695498923731,20.492273690179,1.55936112382549
114.912659118634,29.5559194218367,1.03552607846255
89.9641505292614,35.1691907504573,1.12593278334695
80.8569714235264,24.3281587166712,1.21199010883803
93.7773820033581,26.363620152697,1.12726443377417
80.8171470630626,24.6325157070532,1.25093794823704
58.3577026345093,22.8560004476458,1.43066929348053
104.708992897281,28.2909267162904,1.05675899389588
111.691520157521,28.2744865259156,0.984704691723444
96.4768612391675,27.3769090184942,1.18934715265545
67.8932524417362,23.0488949548453,1.30070143188795
64.0431097538743,22.7761212689802,1.42368881620417
75.1373618843746,24.660681989044,1.23567187939234
113.703681260689,29.3192490050569,1.01813887615508
103.439518568082,25.3194528073072,0.940612641058994
54.9172008824845,37.1565543068573,1.37050536176943
33.8067894009924,20.916623333469,1.52107475012796
104.352356261763,28.8440014841035,0.988243286910402
80.5268827119443,35.9784969128668,1.13220358539645
55.3943181667654,22.4379851995036,1.43977314780416
118.548925307814,31.2189596751705,1.00553543277695
67.6917748762342,24.1306277923286,1.20200700893191
55.2663157600278,22.5506330048665,1.40482736364052
80.8768815999757,35.0661572860554,1.12456771708602
45.7877887551409,37.900907183066,1.36874500747871
100.448105062637,27.4892555177212,1.10274014921586
93.9881721481791,33.3023038925603,1.06406966466564
48.9490630127984,21.8968132184818,1.48695151807591
98.5980094602043,27.6793927559629,1.08209471698001
99.2904531969899,25.4876728914678,1.11139156274921
62.8542345076041,36.2928007775918,1.28810001372698
109.914392667271,28.970326827839,0.923336026226764
74.3227548924898,36.201287060976,1.30803744927654
74.0612465265513,36.2477901903912,1.26354790751343
73.1495783891625,35.8868464222178,1.23715137058467
109.415979323327,28.7966337520629,1.01021131762143
89.5663825838142,35.089503172785,1.23190558577833
94.5565773881883,32.5844226311892,1.05935192755368
87.43720413823,34.2036480270326,1.10453669174919
13.5157113004487,20.012495466508,1.6189600506055
107.39737969299,29.5063314819708,0.910884407910811
87.7521876636997,24.4023777032271,1.20968846097509
108.779653512451,27.5963307544589,1.02298424887432
105.356518474856,32.2554200654849,1.04740729134196
92.746686190449,27.0359581848606,1.11651260838559
50.7732167965194,22.2227084869519,1.37164267749365
82.6234753588635,24.8723894543946,1.13239610279264
97.9788898949258,33.3611117489636,1.14195243845779
100.633194526176,28.3529355935752,0.96800519784967
79.3976174971609,35.7639166805893,1.24088290314616
41.8005555300573,22.057292885147,1.4136896816363
107.344899576822,28.6978548299521,1.03894749507748
17.4151525007567,39.6991395996884,1.58401157718333
42.9032891220784,37.8610222879797,1.42456341108501
53.1690038463116,37.7293812157586,1.51115407355937
60.8283080006005,23.5010530054569,1.3834695767518
39.6473642222157,22.613913831301,1.33593290805761
103.336334793235,33.0620385007933,1.05570014427168
105.845210126801,26.870329445228,0.998997367617003
98.3703274872326,33.1351625593379,1.00328369254723
100.765658031138,26.4074648497626,1.07898281042701
64.9859249720247,23.7538223853335,1.31822041943834
77.002336184163,35.6458860263228,1.20468578479596
33.4259533724278,21.8718997342512,1.66008239158323
116.974005368829,29.3355808313936,0.8
121.337484445226,30.2301091980189,0.981271093439453
112.483230607571,31.9997791852802,0.96473328403649
99.2768263013571,26.6564708063379,1.11971644355152
110.028976437744,29.7722606733441,0.970235302416789
17.5513017475359,39.0894765499979,1.59312183912655
114.918640933159,29.658047943376,0.850871458141268
47.1922137106858,37.8070044424385,1.41669865066732
36.7094175311581,38.2887637382373,1.67223495423477
96.8177538025648,32.1746996464208,1.15932064510811
105.461420333058,28.2137955306098,1.14711331002557
56.1133384535703,22.9418938187882,1.43258566362621
31.1314972188277,38.7059960654005,1.61911729005863
87.579321053093,26.0245779994875,1.2165640146383
44.1516404860076,21.2144114309922,1.48432909489632
29.0012042327396,38.9545388007537,1.51559155735111
96.7602043685022,34.4119254685938,1.05558154895419
44.2434758238772,22.8458859119564,1.34170813512264
106.457917648114,30.985693121329,1.02530855646212
22.7346897026494,39.0818247711286,1.65979368281371
99.8093450008544,31.7096670623869,1.14174868111927
116.096319574568,28.0902056349441,0.966295788727645
92.6932653556518,32.9578695865348,1.08239037890615
99.5729103463884,26.3964123418555,1.29783026396464
100.964745015754,26.1544002173468,1.11365576590242
80.5233729589671,24.3953526252881,1.30022469660041
98.4754520270707,27.3897773167118,1.0572043906295
21.0612132338758,39.6843840694055,1.60713596710559
64.2021984602922,23.0840460164472,1.34537210138963
37.8676415411558,21.8208799976856,1.60945007659082
51.4153065039094,22.8381381556392,1.38083951327784
107.921461228145,33.8001420302317,1.0740758127136
100.236451418595,32.3851296678185,0.924991113279825
36.994491909018,37.8278823429719,1.46607369650512
101.107357164113,33.4599818522111,0.973938642053055
89.1187676060921,34.7415547585115,1.2204308806205
101.908303550628,30.4227145155892,1.04557420338286
88.0308656264363,33.1967689935118,1.12503090922075
67.4338943148722,36.4361092029139,1.38622284980732
83.6861005920961,35.7256310340017,1.25778374780604
20.9362046803666,39.596438347362,1.54917141185469
105.962889045345,28.7886307248846,1.05835357182475
91.4785390693178,26.2340440414846,1.04413699176531
108.801654171056,28.1894990522414,0.977150519711712
16.4092506296739,20.2093422366306,1.7521037577159
74.7423460749948,23.6769904801622,1.34178205908822
60.1495018690763,36.8545863777399,1.41825372069309
87.3280196633504,24.6232356410474,1.11749127316511
78.6118004713162,24.7819991130382,1.08747464900073
37.5184739942232,21.5338233066723,1.4167755354485
89.3920860015868,24.9144735606387,1.20756417813839
94.1356194323379,34.6427041105926,1.09010639987329
49.578847600806,36.9490633020178,1.26680053883606
110.902107324548,29.9505453417078,0.98298978370014
109.127052515799,27.7581805968657,1.10389812540048
76.3880075531526,24.9289798829705,1.27536024703978
53.4883322105856,22.2219292260706,1.33179818217566
100.686055839355,27.7998887049034,0.959455247514186
114.151010210812,31.4387062797323,0.916566291459162
82.0435738846787,24.3378552561626,1.19503671525655
113.770391907681,28.8953600404784,1.03643172911094
79.782784623292,24.3598133744672,1.07546493316404
115.430793146107,30.045991265215,1.03431766213418
110.319723694732,27.0780914369971,0.999668906954496
112.728663139369,32.9997031763196,1.02178800097647
104.079860967415,27.4942791322246,0.92890424274577
88.7181089496286,27.1089076157659,1.10143614807129
109.91786638489,30.6737589091063,0.97138934544969
87.8617607969627,34.8066872078925,1.22427638606018
78.8178954490462,24.4220587564632,1.28505220314939
110.810479301101,28.254922372289,1.02569509554882
94.8692797139161,25.3137337369844,1.21467234893094
100.107883291035,32.5994610693306,1.03388530457293
69.1942295297375,23.6765698157251,1.3497987603778
58.9563339557451,37.2728822287172,1.34811037843992
82.099405376627,34.9313600827009,1.14665422667132
99.109257290086,33.3656929945573,1.13911336994009
92.6574782600746,32.3603574652225,1.21454024019015
97.2856166369977,27.4447612045333,1.14849879153234
101.868450601802,30.5967137170956,1.02225570638144
48.1635726118957,37.4936468573287,1.39225103819193
103.244934971844,31.6350019956008,1.14189874815875
65.6330707896288,36.7953552957624,1.32903599711416
102.486869890924,26.2489632982761,1.10959861299002
88.084175127396,34.1658064443618,1.12820016617504
82.7000735986086,25.3003561217338,1.27442739050673
100.240180489782,31.8868638807908,1.01291882538847
107.669210940336,29.6257960097864,1.06019002959592
87.2497062489918,25.3006546292454,1.10118445242799
111.348298766675,31.2918086955324,0.82384650908553
39.1384493981695,38.2637644605711,1.39425775902016
32.3086947195081,38.0374877899885,1.54213188273994
89.7989445747871,25.4833324300125,1.20001945222718
105.020551416056,26.4296551281586,0.915765518036343
22.0091972994093,39.7128176875412,1.51766410692307
99.5015720879715,32.3998662037775,1.19395742363541
23.5195569124255,38.7462817830965,1.56324509656677
124.629248264889,29.3306540464982,0.936017931195223
106.012323806324,28.1366518652067,0.992716885333413
99.1828344967047,33.1846064841375,1.05504050709722
65.191425907407,23.0469323368743,1.31389330754314
98.2892587743235,31.4573411643505,1.08232131339557
79.1500669316788,24.7745205368847,1.19929484998905
14.4961507051384,39.2471787286922,1.62250090151629
101.766703725422,32.0273145195097,0.849347222653413
110.846034033753,30.3005945449695,1.12349301249751
98.483159144591,28.0514668440446,1.20269212158579
55.1328637641853,37.6049308246002,1.30141425824642
104.899656398795,27.2818372957408,1.0248665071384
87.3548582639697,25.7647856138647,1.25040632439738
68.941405924779,23.412904702127,1.35055345363114
72.4698977875285,23.4434349276125,1.34545585060996
116.53271681034,29.6408521104604,0.883508740900982
85.1063880410387,25.0592985702679,1.34798746283669
78.1075956136771,24.325095792301,1.14207643342281
97.193141290574,33.4875277616084,1.14062805828636
38.0465979165266,20.9532725485042,1.50323117238501
100.432262388767,34.0170617494732,1.03930607498468
106.810195630367,27.0377727691084,0.997349079403004
105.413800599089,28.1788799585775,0.96504578792479
70.5926188572014,36.419026479125,1.38196131667204
41.5870062732905,38.3771469630301,1.47547838909955
85.562015736504,25.6505666021258,1.18634069842935
13.8349713933848,39.2220958741382,1.67348864986216
92.744011968509,34.5678885653615,1.09383759656389
86.7800140680741,33.7275016400963,1.08272764276651
31.2605098114703,21.0568788554519,1.55733146499222
107.594169715996,27.9044026928023,0.874752273392163
113.491146504997,29.5569075969979,0.8805910317809
109.809183691499,31.2050652736798,0.929172781437537
89.70407294173,33.9652318973094,1.06651494215041
46.1518408309276,38.3136707684025,1.44546845329559
114.827282645654,32.3670245474204,1.07778867141238
113.649586980678,28.5684301750734,0.872890266816791
97.7941764280273,30.8416073443368,1.11461645974363
41.6385119033943,21.1695697717369,1.53052395194067
87.5647088134114,25.2171371411532,1.08724270082412
109.398401220091,27.9430390661582,1.00198561600576
78.1031663003557,23.9548947336152,1.27595020303431
64.8826883695947,36.6385512566194,1.29256396014535
62.365462176243,23.0577444564551,1.31216084745064
78.8850711128881,36.0683708405122,1.23532162335053
113.546585535301,30.9365231310949,0.973122957234978
105.305303736989,33.246352840215,0.995588188231938
82.1557955945238,23.4339698776603,1.18242805875167
106.87126687552,32.6611071964726,1.15164638291212
97.7528179409744,26.2373949354515,1.14499027254143
76.3333400587836,34.4910869281739,1.16917847878869
122.541130679507,27.9787964932621,0.830574290737183
18.2196435671849,39.3871282227337,1.60454621031258
36.102058455905,39.3479674123228,1.59774249255591
91.4525672034235,34.5340507803485,1.14834379624741
96.4378468107509,25.1443349290639,1.04625765753014
79.2428610426748,24.4357586931437,1.27216512008287
109.65922189169,31.8609130335972,0.994691646239841
90.4275418540423,25.3504286427051,1.05869481808571
108.685489738478,30.6214079773054,1.04201294162269
76.3558312696503,35.7058334257454,1.33580933675121
72.9824648008356,23.3612162107602,1.28435718026888
105.599665598701,28.087983620353,1.04470683430502
97.7686674667796,29.4315255526453,1.04025167751998
54.0779939406834,37.3621361376718,1.42280372590557
40.0767747232104,38.514159116894,1.4064690427823
54.7601627703595,37.6395511860028,1.26620743633524
101.439673235476,33.4837368503213,1.05706116560373
18.0629378740419,39.0033395867795,1.62787115180746
112.324491153652,30.3288978850469,1.14733053580867
113.55447670158,31.5303804259747,0.893987657484772
107.556939145557,26.7266241181642,1.02987848490851
99.9148407999655,26.9464926281944,1.1255116654001
17.2192723968796,20.4004860110581,1.70785651674736
119.173761198063,30.0562609126791,0.938009718808531
44.3711285249516,37.4208682728931,1.39948501973657
11.2146370080706,20.1260156789795,1.67257336005646
40.6787122465858,21.4411424798891,1.60822772087772
56.1790092938755,23.2842244999483,1.40257671761198
82.1128658213689,35.4066814854741,1.05238033128856
98.8863720813459,34.7036861162633,1.17483793109394
20.137384367832,39.4375127134845,1.65301472662508
108.208675937726,29.3294475367293,1.01143708253497
41.5729666088148,21.4876902662218,1.46823093608423
99.3987690368327,32.9763624863699,1.06373965644977
87.8251035043022,35.1718633901328,1.17068169857495
63.7961351173633,22.7421216201037,1.28300974854073
106.219490937268,27.9316918924451,1.04628173588976
73.5415605295858,24.4997065840289,1.18712523399642
25.1491070366841,21.1591712106019,1.59546288050958
102.589429069263,27.917853766121,1.12785917585385
40.2728360163812,21.2985659996048,1.51316862738562
69.0484486407288,24.517728658393,1.35224646662082
20.5658926893444,21.0925821820274,1.53851517870603
94.3641243432609,33.4056407911703,1.11216277240677
96.6995096494926,25.9548356523737,1.13465744136466
41.8748593314864,22.0144316460937,1.39434746233612
43.2023685064513,21.4380819443613,1.56539475750686
53.5337272599778,37.608811375685,1.31688314406006
82.8218019235712,35.0849480414763,1.19860448477499
74.3837880941989,36.3321177521721,1.25544418574064
18.5524953936309,39.6428074734285,1.63520991692198
45.590383078116,22.0719928992912,1.42758676240132
48.2089234140147,21.9808365870267,1.45484055730167
77.7701899953461,35.9766322234646,1.1513798958853
79.3807565969646,35.6915053306147,1.12270708190232
11.112700318883,20.1885981019586,1.63300370419323
83.6283940189723,35.5813176557422,1.17791646402344
95.6260570919762,34.587813038379,1.18573379020108
104.856557589033,32.6026370562613,1.14522358367196
111.016466640797,29.6182165993378,1.0163798905097
63.3907363905668,23.1327370274812,1.34633849782616
27.5547185135203,20.1643103966489,1.54866019454918
111.113371242705,29.0491678845137,0.997154259117529
109.299287613886,29.8458665749058,0.910217924012723
90.5725690366004,27.7917422307655,1.15417432044434
100.441885817283,29.2933188378811,1.03022354013043
91.1303434350691,34.2655800143257,1.15341981828083
33.359684171609,21.1060385266319,1.50196145307778
103.798328204976,27.0956619502977,0.998647581249923
77.8475052938862,36.0562454583123,1.20638720308352
63.2798491354343,36.7141767404974,1.29590740339943
90.6045269947103,24.7549880994484,1.20898515074627
96.5168890728486,27.07972205244,1.10800049526442
51.2812778410329,37.1377084031701,1.43263573644653
52.0522875523417,37.0752674760297,1.31292327106921
98.4908321109031,25.9179091081023,1.18256026132727
60.6971953767336,22.9409664915875,1.3495619037983
97.9055833063375,34.0798412263393,1.02563475784012
46.7249442902628,22.0761337643489,1.4553540114418
20.7561854036998,20.6745554599911,1.67134667067352
7.19637476576314,39.9880905589089,1.60992382754632
13.6166758337946,20.6974960817024,1.77623073991454
93.1433279403066,26.7678256751969,1.10595682830501
31.7887386720659,38.3012752328068,1.613043186017
110.829005792376,32.3447053926066,1.00075461952407
88.8678830861014,25.7257069740444,1.12326983981889
91.8558775065094,34.7559480601922,1.00007971328828
73.9905670743532,36.6810861835256,1.17250920411427
95.7117129405403,26.2854156084359,1.09637214297106
111.953384847282,29.8513309564441,1.04473967839545
83.7372267022332,33.9474753243849,1.05240511094812
97.0312970987674,32.8292470797896,1.18424079470959
101.994363208367,32.8784582996741,1.1519090703693
19.6723471880844,39.5570680964738,1.54103924097838
102.977297492004,28.2947066891938,1.08181077390807
69.2529354593934,22.3880955995992,1.20945989369742
107.177981202824,30.5205932026729,1.01221954726092
81.006345817451,24.5014670165256,1.26327991006332
114.110512666145,29.7282352810726,1.03275604778378
103.644875221194,27.4042959697545,0.986869947843643
11.891042489458,39.6670036157593,1.64600444598272
111.782025582759,27.7663823030889,0.92253548877439
91.2155942961238,24.5848968066275,1.15316949837017
103.72843556985,32.4659509258345,0.937748598957945
61.579946000233,22.7308039413765,1.15280674083958
21.2424237764322,39.3493898864836,1.70901259664031
116.231070423636,30.3014361578971,1.11435025236936
58.6441314655294,23.2614065846428,1.32158384472907
117.971645402943,32.438045903109,0.999015962483354
11.1159671028936,39.719083304517,1.67723399862306
89.7418555131353,33.3754303492606,1.24085493560156
105.697247543956,28.3783179381862,1.06880636176416
99.0381918842309,26.4668998634443,1.09037822196821
74.3091959684807,36.705106399022,1.12252816073705
65.7524447502153,22.8763408726081,1.37815292000046
74.0349318761091,23.8563189376146,1.22345146469539
38.0944905702636,37.9347736528143,1.39725755728954
90.7504262375344,26.162391086109,1.11932866925935
102.099317864165,27.2660108702257,1.04684443917083
92.7055743694634,35.6789295747876,1.19219711722097
62.1557537671955,23.8675735983998,1.24884971427683
25.0726182138745,20.3553162375465,1.54416092454093
103.807169334516,28.1321573257446,1.14560688150712
120.17529683712,29.6633533854038,1.02481242778585
101.147739881515,28.4368990035728,1.14157445832629
101.576460358353,26.8561760336161,1.17272167964623
49.1365998968125,37.3296662932262,1.43167878326291
114.968773172116,29.1021610191092,0.927706100161039
118.629144149839,30.675297472626,0.98043801834034
34.8899583398487,39.2768666381016,1.58756326355293
84.2834295482714,35.4918308416382,1.34242471518467
88.0484279634335,24.1775269713253,1.0172238242922
103.525995026976,26.1757366545498,1.06444426342129
19.5728240242038,39.4268490048125,1.66469212713125
110.050146819136,31.6980018699542,0.997405297369083
76.6444641021613,35.2164725074545,1.12306073795127
102.940861492528,27.4541878886521,1.10047048681559
88.0094238453222,35.3838782245293,1.09859367742391
112.85385064118,30.753543660976,1.01656055120467
43.5416946191283,38.2799089932814,1.51805573660594
65.0972559132827,23.7059288378805,1.39638015587277
88.1316948273928,25.6443683477119,1.04449707686273
40.9282848601612,21.8992482637987,1.54784157655479
79.7311974984026,24.2097415821627,1.1567199262883
12.2245926028355,39.541979925707,1.58200960827494
97.474757116632,25.926043507643,1.17702797657663
82.6380593467965,34.5196605380625,1.26700207945084
87.9580338442769,35.7137566851452,1.13563637213682
51.6008165110404,22.108354922384,1.45281722148705
79.4927210479461,24.791892580688,1.15128316859412
91.1421368201233,25.4108974477276,1.12012158126083
45.3483745851074,22.0211698813364,1.43722302070596
54.9190716504723,22.3582768253982,1.35897929304506
14.1220858882097,39.8247311171144,1.70739314533251
8.61331979933349,39.7210859460756,1.8
53.6105135905454,22.7413494279608,1.35595816447277
45.4605786014761,38.1061916332692,1.4406318625925
117.595381949499,31.5260367514566,1.06147498491474
112.619038380435,27.9089771816507,0.961067632174881
105.61002261073,28.9960496826097,0.853415782365954
97.7046377212967,34.130038022995,1.12072103576323
41.1522407539251,21.6500549158081,1.41170467878348
102.085667162807,26.7862516036257,0.98731837930526
98.3508274985722,33.6157510243356,1.1783197969958
112.704333412938,26.3389849616215,1.15040521671222
58.4471223858327,36.6313719609752,1.28294037846574
79.0310541715007,24.3034416530281,1.28378940536712
99.5789458793422,29.9589787237346,1.06631276378638
94.2212512208517,25.5209934525192,1.11909078431187
79.5665207798116,23.8404663745314,1.29320426296398
36.7248453908363,39.0124252811074,1.51722191134908
86.3806792721691,26.4345107553527,1.10478943114412
112.593908445414,29.5691276760772,0.95157145569214
31.7277586176105,20.5598514387384,1.58370828022912
106.767614756245,30.9491893602535,0.863833695551288
100.346905598779,32.8848044108599,1.14240288089799
106.120495545303,31.9252708926797,0.920837131657699
100.151396244885,26.4387475140393,1.07033639379326
52.2070702459679,37.8222862491384,1.38370772190426
111.511667099157,32.5251389481127,1.07957661685769
94.5737365971604,26.0580983059481,1.11989732573673
106.677878253168,27.764093275182,1.03117371054107
79.812550978424,23.2095018494874,1.25567857022202
59.4755174009787,37.2510379506275,1.29045835384225
28.2815153417253,39.0620242757723,1.54695498949322
100.443705842882,31.2728936690837,1.14737207658988
99.0227327548009,26.5909482678399,1.12329798208752
9.19509162792289,39.9323443742469,1.60365309068509
82.6390075901534,24.6963935159147,1.2322328663131
101.480158762486,32.2534393053502,0.965536235834172
45.5787982894367,22.1635705884546,1.40113857046782
105.892362072624,29.7406513988972,1.11238872008702
45.6638493841596,21.9889164669439,1.28752691046907
73.2792644738676,23.2233152538538,1.13094798599355
98.1862968338171,25.6598574155942,1.17127626892729
105.09969374378,31.677446719259,0.979271850590785
78.1605479370413,34.6341531770304,1.30428801665236
61.1664353389131,23.3104182220995,1.32394691055758
52.9919355978238,37.3293552640826,1.42061409182245
93.0223612978038,34.1714827436954,1.17321168156923
78.5901273140792,35.2079907245934,1.17175721328165
73.2448247457019,22.9416821710765,1.23201887454214
100.872407810035,27.1611392684281,1.03551719060751
90.5772228985172,33.4666496282443,1.32690515607377
109.129568676698,30.4764520330355,1.01606224793895
95.5270549645544,26.9960358552635,1.13279694000932
84.8282945887756,24.8106140317395,1.15032672821697
34.5421832952977,21.1638359259814,1.50099994760477
85.215465771218,24.732394842431,1.26527551686772
38.8110692870852,37.8015582635999,1.46516500446776
72.006673640524,36.2365483213216,1.2626945477354
87.0739634677829,34.9503264436498,1.18405302498543
54.8465270295387,23.0982345156372,1.34914969507422
60.4780405092679,22.4948417721316,1.47414119993444
23.7813754966574,39.4945161696523,1.49343685513643
122.561084274799,28.722599921748,1.05312907582073
110.756685389849,29.2803325364366,0.972262025295197
66.4551769383398,23.3059616247192,1.39209694584045
107.764881825909,31.6987311467528,0.880045008444964
90.1567265603452,25.4155603889376,1.20257583664727
70.6139037227734,24.6019384078681,1.330781409155
85.1886848898258,33.824156629853,1.08422792055047
91.4024547000937,25.6570479925722,1.07612484369359
67.5548655579856,36.207961323671,1.30499831644705
45.5073074984743,21.8783321417868,1.52077234177513
55.4061250066731,36.4406014233828,1.32246161838982
99.3152179975738,28.5485656140372,1.05922722405023
76.8985484934258,35.1177451945841,1.33532598591453
105.271117461968,33.2477101311088,0.956723985325413
102.555007638651,28.8905479386449,1.11721765075315
98.7155873517712,32.5429236888886,1.10934710741614
12.0091873253121,20.0093069812283,1.59601208855135
76.9548306252135,24.3448702804744,1.18180186043207
93.899311632767,34.09744491335,1.16516245989583
92.2546443150432,24.303329763934,1.13986843948115
63.402979265334,36.2786744255573,1.41761987012456
94.059960417233,26.1552774859592,1.06933985732193
92.647684314786,33.7548537133262,1.00290090234232
43.5029568836034,38.6536215804517,1.52791404221588
47.425748770156,22.315593296662,1.38780217915796
55.1330493385302,22.5541137577966,1.38494568446043
101.885201473809,33.5644771484658,1.17454383803513
102.039894396079,28.578971917741,1.03879541357843
74.7292303708206,36.6880195587873,1.34867156482542
24.3823815861149,39.4287613360211,1.51198546375416
30.9542698996698,21.409779554233,1.60536899602314
112.424178343892,29.1957038640976,1.00178187633728
92.2825550999007,34.0317023685202,1.07226371880159
44.7875728327085,21.7388033587486,1.35992861021085
11.4451402692997,39.8588803224266,1.68073754319978
92.832769889017,25.0619798805565,1.1363390369668
21.9641713846414,20.9907687129453,1.62253107739019
92.8277604089646,33.726498936303,1.15563807574343
75.2051008327188,35.7385470531881,1.20795101940173
96.0275714821556,27.0721215195954,1.06205082445552
97.1719985823797,27.3288288991898,1.10541665368046
92.4812469237108,25.7420026138425,1.08425333392485
39.8085905959669,21.5994582464919,1.56490174311148
88.011955645315,27.3090853914619,1.16376689730452
75.7306330502462,23.5602762922645,1.19377137570286
111.155915445629,30.7210744125769,0.870004107751949
124.738433598315,30.0789742404595,0.85666538474382
34.1755387979154,38.9007020695135,1.65997000968809
97.8482597116994,26.826425679028,1.04623724495822
126.619170293268,29.2942754831165,0.830650501141787
58.4464422720059,21.6506236325949,1.39871031971258
50.2887527884307,37.2021369216964,1.44002553040432
108.94276246308,27.9132127994671,1.06011633172969
86.2154109267018,34.7179870074615,1.14513368139862
68.9922394559407,23.434868119657,1.35871103380076
110.901196238943,29.0952326264232,0.915124620472907
72.8919373627181,35.4040951887146,1.2519204734181
36.4119961703391,21.2529999669641,1.4565924003509
80.3547990197615,36.3016299018636,1.25078173305424
93.8868309111131,26.0228504892439,1.12057082846699
102.247606904498,27.2934205597267,1.13039321081825
104.935989430197,26.2422558385879,1.17689509346587
31.0432797568223,20.7473992975429,1.55108421877173
100.182654083201,30.3760984679684,1.03206049439338
98.4191983011996,33.5802683141083,1.02436292683057
54.2602421188934,38.0646712053567,1.36469592092707
29.7310063891408,20.510533968918,1.54567937910272
16.0316189827878,39.7815654147416,1.78034784257246
99.4712981879776,26.0577524919063,0.996268248655209
24.9810630678437,38.7827680120245,1.50815933838765
97.5696091581407,33.7521516345441,1.05859258086593
103.522640682939,28.9407398970798,1.08596370951181
66.7553393671865,36.3295627757907,1.35338673555775
32.0481117085872,20.7899839570746,1.47249943862286
80.0596550294877,34.7806337103248,1.21493147017583
103.032670895765,26.9743898743764,1.04619814826799
68.7465472208174,36.5850164694712,1.36535314195281
110.002820676305,30.7108278339729,1.0759524686575
101.348227061276,25.490907272324,1.03929466459346
67.2386186616211,36.0189642384648,1.29707151394368
48.0804842765821,21.8328938959166,1.46958740926588
64.880962256472,36.6421554842964,1.19696809868533
89.2595244336513,25.5371014494449,1.12210637685724
86.8634713861303,35.0622019916773,1.19902762749029
16.9477665944605,39.283051402308,1.60207992636156
33.2186886897589,21.6293312003836,1.52248948736249
56.2876701577276,37.0872949296609,1.36738251725031
83.5691907682151,36.0447643417865,1.13275130918851
105.566637991567,27.7034720918164,0.963789690628199
100.731020499833,26.5519479801878,1.05120364349593
74.9350504214975,24.0987740596756,1.21755722625634
111.002301796077,31.3876532530412,1.05167103036267
43.4661255932732,37.7611038088799,1.56113354384917
116.785607426013,30.5942818289623,0.9542603057569
110.550159051758,31.7391731357202,1.02498476996946
94.0691226084146,33.3147028507665,1.10561733669731
110.160822921196,30.5978491716087,1.04150918801858
114.493826823666,30.1968579879031,0.985691928910688
21.015825002899,20.3232096182182,1.62622298033836
38.3061050116155,20.9541996987537,1.56790651538061
31.9062736127379,38.5870136506856,1.46803341100838
87.3605259411672,35.3857107739896,1.25533188289216
81.3851686580919,24.0216123219579,1.22105388266846
99.9224861969302,33.0052300076932,1.08276840593636
94.6079217480563,33.0753336474299,1.06843341880303
99.5605566883905,27.9050752287731,1.06166973040672
73.3089005435499,36.2460965709761,1.27796773166652
108.842378862698,30.9404683532193,0.868262383982674
60.7610520544167,37.7026530308649,1.2970879921136
112.213795902096,31.0662797512487,1.02641793993934
41.1900541182602,38.1209622323513,1.45193183118289
100.852506125746,31.7492273403332,1.00929383210494
104.585168170925,28.469273019582,0.995039149982404
30.4834827196038,38.991706459783,1.56141606901289
89.6164456663766,34.1807580692694,1.02907905313446
110.523825320534,28.2661081617698,1.0574829112085
16.5096216357803,20.3672816744074,1.49252729435404
107.695960348397,31.3346816552803,0.982816255999897
105.85511300661,29.8012690618634,0.975993821677413
63.5040208731782,37.5734804244712,1.23407542793152
72.4197167226367,36.2570537580177,1.18477488985106
60.7139656421098,37.0819995505735,1.35565063046408
93.4119496034666,27.3579189553857,1.10673609519774
57.4649895416141,37.4789982568473,1.34019234540496
56.247557044316,23.0267634289339,1.21037722376469
86.3395986605254,25.6362333940342,1.07272510794399
104.286785240343,33.3341031568125,1.03157468300497
15.3421639025455,39.5476715359837,1.58879572550774
96.8472591865283,31.65479473304,1.03694264395652
120.534730589464,30.531801590696,1.00121330333477
19.7831926781897,21.2156444974244,1.63048065454777
24.6724592370621,39.3807772733271,1.51364646225564
59.4986175004411,22.4047425715253,1.31480566840218
39.5887549237125,21.7672660201788,1.46353812473138
54.1000112137612,37.6152822980657,1.33725536941335
112.844551775061,30.1674125948921,0.916097101139258
106.290510821521,26.7498999461532,1.02330845297876
50.1019376866318,37.8866925090551,1.46181333150101
22.1857529014026,20.6394325615838,1.61755552435685
88.7049354398218,24.7445939481258,1.13343053746905
100.742168421327,33.7298070220277,1.09131917018813
75.1634978593642,24.5163684664294,1.29402384216146
89.0688901463132,26.3698917627335,1.13501974871874
69.4130546546994,23.4796763351187,1.3102274912017
71.611893007267,36.0285916738212,1.18567194410318
55.0665501680324,22.925641159527,1.36009688422877
68.3982032501325,36.4543478330597,1.25725158027174
91.2793987972266,26.6199565725401,1.14289328984435
105.1640752291,27.4833877570927,1.05899194912305
99.4903511220133,32.5949084758759,1.06490320671837
51.7957106217353,21.9326748605818,1.34713843370896
34.4479393963722,20.4398743063211,1.45459759592612
6.44915559507038,39.8608956066892,1.72871123223363
113.60092020628,31.6787769133225,1.06964930943519
82.8234854363724,35.6364613026381,1.13350962455132
47.5483768516759,37.8379224520177,1.40227071228522
80.9965522352077,35.0973090715706,1.2224510697824
26.8097959419144,39.5840746024624,1.53248717336143
16.0952580008743,20.8829413587227,1.65200818698098
40.4254377061657,38.0680176941678,1.47404545485197
47.4026544760242,37.3100162809715,1.37649595780769
87.6883985179258,35.5081518273801,1.21093260822014
103.310391054497,27.5363283371553,1.1051110003648
24.2391608415844,20.8421609736979,1.65803857873256
122.301830468512,27.2882216330618,1.00406829166032
89.973121926118,25.4750253958628,1.10381551406405
57.6993142460116,37.0093496143818,1.32739925059908
104.781557462614,27.2480342490599,1.05503562332435
85.979704291545,26.0895558120683,1.20884734818156
85.773057674731,35.1827067881823,1.14394262386533
61.3637126745779,36.8966924864799,1.30515189470159
112.45057503088,29.158431221731,0.942439426930712
82.7694390011756,34.592633289285,1.28907854299428
42.2788530742782,22.081572720781,1.29309235807389
75.3415783328084,24.3996635545045,1.22704951048858
22.2307979252694,39.079024954699,1.60434649065285
92.0922796823984,35.0407508248463,1.0514862101354
78.3432766342379,36.3791076652706,1.24434075714845
106.789493520048,28.3555420348421,0.88891026586251
104.375783586106,31.8767698621377,1.10525610761591
71.9128196607312,35.9764711558819,1.14820257501565
49.481072414565,37.7681730082259,1.26472496524319
105.815087906224,27.7038318663836,0.977882824581595
45.7540136178352,21.8064416851848,1.45194319962271
99.1775278158457,32.5148727418855,1.03093631240928
80.5048504654832,34.9127243459225,1.1649491942361
49.5770276974304,21.7075691465288,1.43750088102918
91.4813965346465,26.0103522241116,1.05571248780927
106.575015947896,32.2912431461737,1.01903437226847
83.7735271411196,35.0586411589757,1.21489776605331
34.0260187166935,38.3411426609382,1.63281402230181
113.619991437317,29.5150101138279,1.00951479206457
109.346475797167,31.3423893228173,1.1232237838481
95.7437485514755,34.7324069216847,1.12997177896024
59.0748845157019,37.148948488757,1.3495358827587
40.4153839980742,38.1829300895333,1.32304556711958
34.1731954515008,21.1276445072144,1.43630540849503
103.132758859855,30.0581660820171,1.02663333110485
96.631392739076,27.010895460844,1.14162169004055
64.801513748163,36.9111224589869,1.28853669564655
70.0289546211518,36.1287032766268,1.31202295495275
52.119464239864,22.346624545753,1.32457171598703
91.0072871742973,34.2537310998887,1.11262516983759
78.8964393722198,24.7053771605715,1.2290395112315
26.8048298363958,21.4991350239143,1.54587318000352
35.4852771590909,38.7129229446873,1.51880267071986
68.5589082771355,23.1433565029874,1.23902434167141
93.5531271619954,32.9411470005289,1.13956325087131
77.2251765784959,23.4703549230471,1.22008493086657
21.4805347672141,20.4014801839367,1.60364646004233
118.07773897467,30.4262769268826,0.812961872726091
36.9475969569597,21.725557865575,1.45501339702187
92.8940890957456,25.6600469211116,1.01659273339875
107.296973449179,28.4086980205029,0.910153584353009
111.630011170818,31.7455624835566,0.956558124527421
68.5083725965327,36.1338885920122,1.27424525479958
75.3216798165433,24.0399041771889,1.25804153900457
99.0138910938948,29.1884934343398,1.15124701692152
104.627574086879,28.9628622774035,1.0686164921444
88.641977004781,34.6749551640824,1.2167642823059
87.1025611228443,34.2950962111354,1.12208291980261
65.390087555199,36.6244395775721,1.28551496671998
46.8332758431728,37.731322417967,1.50769189779762
30.9570117834259,39.0528914798051,1.5421373729508
116.131903480008,31.0123344371095,0.844634912755038
105.072820672697,30.4467153223231,0.97728339096782
65.7550902921642,23.4139651060104,1.37298073223353
118.767867424911,29.5854311995208,0.899750923886264
73.3569248369736,25.0764159299433,1.27488724776668
24.6185006339423,20.7956127403304,1.58637638369422
115.082217419317,32.6960101956502,0.932779360842997
122.705385564836,30.7912182807922,0.890600317928662
60.1691831756436,22.8020709985867,1.36906331581985
86.833157228253,25.6742355367169,1.17425259639166
108.310317675861,31.6606119042262,1.0974766342255
62.1858107711577,23.3005178440362,1.31481639898425
54.662970677578,21.9260222138837,1.31679257060925
103.534156845482,28.5722618270665,1.05704800120809
104.485721294796,27.115231314674,1.08743183302895
65.6322853987549,36.8986707972363,1.46097470048273
83.2187661080445,25.2026494732127,1.15292713526534
25.447179668485,20.4628898436204,1.55741716635471
52.445856623462,37.2479907935485,1.4554467021575
103.453235032585,26.6917592240497,1.13388212692571
109.601668424852,32.6357774343342,0.959159362026814
103.362103921414,30.9285251749679,1.09232837366335
111.066684612973,27.5288898637518,0.955536262308181
68.5326160201942,23.7174603017047,1.21927332835161
110.157120351965,28.5788118233904,1.04303915540479
104.341563530699,32.6154719712213,1.04746345927791
107.473696265175,30.4168470250443,1.04538576891447
101.32543762904,33.1924267439172,1.02110684541587
81.3313726590725,34.5872186264023,1.3203040941528
109.398446329181,29.7364574670792,1.05109508587483
110.122286729912,27.689132313244,0.975040652693392
1,20.1366701768711,1.7949906857507
3.87758596662622,20.0736845517531,1.64418991166484
4.22171638823009,39.8987288028002,1.71547599242178
40.0743356060077,22.1577376034111,1.575676932706
110.304760468698,28.3733831671998,0.98648332498698
84.8344853717595,34.3576909322292,1.23585657813144
73.2104592200031,34.850782644935,1.23790760167648
50.2672395427878,37.4399764742702,1.25283143437917
103.02310495614,32.1573592210189,0.988999540313122
88.5827265864321,35.1240670261905,1.16318713870574
54.6466975320883,36.9448259612545,1.47897107521391
111.890454649217,32.2555929794908,0.947970883922496
77.6154655052572,35.8644833555445,1.24183319631611
22.4021845532647,20.4570936691016,1.53457731967266
102.560534822078,28.3382909931242,0.982845378630486
64.9469078732166,37.4976477492601,1.25643850680865
100.265057240727,32.9469403112307,1.16168894707342
26.309263368015,38.4895797353238,1.63814814270164
66.7721462810398,23.4445019206032,1.33771678317822
85.480504992178,26.3162557827309,1.24545645450135
70.7016148846061,36.0851255850866,1.24121639335429
11.0237324471036,39.7792682237923,1.73032513607954
102.115048254751,26.4477110374719,1.06974366127623
17.8753702301596,20.0238325679675,1.55977206910613
7.93479973945779,39.8434123862535,1.64266692681653
66.3960662252813,22.9670478357002,1.30311130935517
38.5543253114228,20.9872859437019,1.50415999618028
101.548069006869,31.9470696523786,1.03730712885683
93.9612928689025,26.4265688695014,1.04302073140034
113.787861571302,30.5585800064728,0.832581705571355
75.8012876192949,35.9084404073656,1.26444790758597
40.1597936165723,21.3786519365385,1.45892372866386
103.046194485989,33.9004139462486,1.0865960433168
31.0934215657105,38.9726301468909,1.43539884341286
97.2956074674786,25.5553863476962,1.00265192595396
89.4203665075971,24.9881317047402,1.13461176640438
67.2057383340891,23.1887096026912,1.19752899629694
40.1050949364882,21.4326011203229,1.34387774580938
116.559249897787,31.1487516621128,1.01021357611187
104.223284626658,29.7967410320416,1.10259919361647
103.62432825956,29.8858472378925,0.974646360849224
52.6289269057761,37.7674317033961,1.37523533598025
24.6896935260397,20.7340871961787,1.50736475173706
76.2381400951723,24.0748762711883,1.25401890254422
114.597709983769,30.2756227832288,0.968008947393905
87.5433222842909,24.726797780022,1.09560063298992
106.239505832737,31.5087133971974,0.974251638841262
108.29348771685,29.6451582293957,0.940517612617456
108.622665711204,31.3870537746698,1.04074528466253
66.7580527090823,22.8830463020131,1.33626371060866
63.3747968996579,22.9141752514988,1.34609757603511
115.967395976045,28.2456622598693,0.90302642812187
96.4145468354761,33.660205649212,0.972237139385293
107.259864107266,33.0685564083979,1.0565283650549
45.4302700583,38.3197266608477,1.43096363610408
74.0307081490374,36.2622626498342,1.24478109128803
99.9862669315219,33.5178000247106,1.14055276662875
70.0847915938607,36.1499821860343,1.21335385006491
55.0773560225466,22.5612883921713,1.45533537572955
87.3306070946883,25.0155706796795,1.12825947999064
99.5656425115783,26.6309398319572,1.02406778999249
112.677723688517,28.1453857989982,0.969098449024249
101.975572657812,32.707351539284,1.0830343783838
71.0651239277831,36.1722408980131,1.25358524723671
84.6046396266663,25.1760240271688,1.11357491472451
67.9065840256089,36.3893427979201,1.27009762132975
16.9938486384379,20.3095533791929,1.46370656915945
86.5015247324015,33.0880153318867,1.1274106304971
62.5205458180035,36.2343916855752,1.35737616032824
109.308289388324,29.2273785360158,0.994637198778387
74.1256426378779,24.0683420328423,1.29390039037613
11.4652046969664,20.3753643436357,1.70859487649523
79.9665103574153,25.6626539444551,1.25103593580838
38.2449054275695,38.3054525125772,1.53707984541871
37.9954452255508,38.6739304102957,1.37501817648942
120.079258577245,30.8506322745234,0.932834973398311
79.1468316922652,24.3884509196505,1.32396591605547
119.193449831936,29.7885560803115,0.905748275356866
73.8221048753652,36.0229747230187,1.2798687740011
107.737538213427,28.1526131555438,1.0267617956304
50.2501890840524,22.0742313377559,1.44820326027682
86.2497811803775,25.6113034952432,1.14530519882712
102.5707662379,27.2293244116008,1.00795354713919
93.0457997682768,25.1848968211561,1.12235287221665
105.47769683952,29.4136366713792,1.0466225209709
101.419570538877,27.3169094650075,1.04748871130373
46.8202363385308,22.4254410853609,1.43571692394828
31.2827869315286,20.9398736106232,1.56795908066268
90.8151593415135,25.2559260837734,1.07960379487273
25.2757047748016,39.3728233594447,1.65885130525391
102.909277931131,29.7699096472934,1.2004847883914
110.750989154094,29.5564405946061,1.09737186401891
79.2907096127523,34.9758576229215,1.18042463511222
98.6473389556799,33.3528046263382,0.954456034145883
38.0825113389923,20.9883119352162,1.49703032220569
91.5835592682243,33.9021048881114,1.18763332644507
107.37494917368,27.2652313346043,1.07264935665434
45.8980126113938,37.6826721476391,1.35577176056378
76.4698996563458,35.5059445928782,1.1546656797694
61.6044784603757,22.7840728266165,1.3416044814866
89.8192927370092,25.9001854248345,1.18231498669117
44.9269046301595,22.5216557085514,1.50621467361536
114.418331443091,31.7980324756354,1.0270981994061
110.76230219225,31.2335121771321,0.930069326072412
92.0969355120691,33.7744224024937,1.03415208739718
84.455076477042,26.2254161806777,1.03854757385809
116.979909192596,32.1117368293926,0.988279042551247
33.08301550487,39.8206863785163,1.58414943627719
87.3118142196018,34.8640983039513,1.17961476974668
44.3196766576649,21.5171426068991,1.37823476074691
116.755939546582,29.0233781281859,1.06249424036934
27.285780190652,21.0707386909053,1.54184804015806
98.2012843497572,26.7911102809012,1.20384118010952
77.4903649811996,34.6790429763496,1.26152484926957
8.55252091222926,20.0821388093755,1.77668342273554
83.8244245430358,35.4381896462292,1.2031059803294
108.044026745835,29.2595042241737,1.01043753042496
88.9816354204508,34.4168070005253,1.07597833505618
98.1283975539658,33.3301143441349,1.04447514664979
96.8392161038789,31.4414744125679,1.08826674327625
98.2220624294669,34.0762590011582,1.10132214929858
91.3652940702156,33.1444212095812,1.1266525673781
91.7143372713556,25.7870429009199,1.11436587347414
43.6153375871616,21.9447891134769,1.46803342939803
22.4040295427005,39.2484264215454,1.56468675434178
96.159633556262,34.7266805823892,1.05948347933447
101.435549497184,32.2544693714008,0.960499051008428
48.6035208739697,22.39857761655,1.47924712509502
100.018260899327,31.0051809297875,1.07295673396372
83.4246631599372,25.2551255561411,1.17751111531933
38.9148430108538,37.967216623947,1.43696025220995
17.4108600588659,20.1835989160463,1.61775135255487
77.8236131272093,24.7246987186372,1.14721081383188
58.139150752535,22.6008919067681,1.28439587203545
97.677915205977,26.5246629342437,0.954516071563702
80.6590278274509,34.5279777655378,1.26928232530324
7.7161259889499,39.8349047079682,1.70961316614352
96.5852176093706,34.3026705551893,1.0168495269876
115.656928542265,30.0887962197885,1.04238568386316
120.792777884514,28.7209534365684,0.970386391618889
28.6794685897456,38.9765050122514,1.60840215893695
44.4033767669219,22.4036297528073,1.43465515515283
34.3701062429355,21.5029035322368,1.48979267821038
51.3246730966736,37.7804298559204,1.39605519329435
119.538374347765,28.4890419011936,0.963926255053711
28.139208913012,20.8472135756165,1.61603159693333
108.081578927209,32.9488428728655,1.12330556730723
114.53895055513,29.3723832489923,0.9356253220265
97.4280330690824,32.3585224663839,1.01800737007835
88.7182319469433,25.4163086507469,1.15392528933619
71.855314694666,23.1459057331085,1.46903335221607
56.8327560692377,22.2850854042918,1.33577848375142
112.998460506005,30.1536572631449,1.05932864364103
112.091268128606,30.960645750165,0.970554704307642
56.4361151435285,22.8129237890244,1.33507657979616
59.4378848609938,23.3953810017556,1.29868978447878
90.0035158196354,35.2397064631805,1.12379062347539
101.374856010599,30.5478988122195,1.17275046899259
51.711175996264,37.2197871515527,1.42076092465691
101.603321227617,33.4710997575894,1.09223515424619
8.89172180987055,20.2608205936849,1.75031954153428
91.5937364265936,33.8639780273661,1.2690478772471
40.9303115394476,37.8342746431008,1.52689205740329
106.739081658027,32.6370035065338,0.926183847150708
52.1021258754383,22.1458930987865,1.32676250138292
40.9519931537674,38.42130407691,1.36499709307881
100.228131477208,33.5072476230562,0.873500502895347
64.9702265699694,22.9718742519617,1.3977123769688
89.4808214944751,34.906836845912,1.10804664470647
19.1226818921717,38.8519772375003,1.65000135800154
107.025532700032,28.4156675124541,1.10263500971352
95.0049375278182,25.9544615633786,1.06902892743833
91.9777826202478,25.1885334029794,1.11550523247945
73.0167009043231,24.4576263381168,1.27836379957049
105.391248068488,31.3130868691951,1.04844915965477
76.9075294341944,35.133002656512,1.17484544619648
104.723966246709,33.392070918344,1.08754512476812
116.963397568959,30.9304558858275,0.991175619169455
75.499949344989,36.2292731553316,1.21770006733344
75.4902301442135,35.1833360409364,1.15389523916471
21.8792024010526,20.401369323954,1.64745116559949
111.744512258775,27.6180740026757,1.08717920192784
31.5582771784494,21.0176022723317,1.63235594748117
70.7121449959991,35.9580587456003,1.32984988506496
31.0081923665191,38.4739842638373,1.50866333199874
105.445591432307,30.8519674092531,0.996291042859171
64.1134262204373,37.0472920034081,1.27510752907644
104.690978453171,31.6712572658435,1.00963457990933
99.9220074581862,33.3664728701115,1.11890630573124
117.949851909622,30.226291930303,0.964648336772927
85.5386791043855,35.2550117857754,1.04181652798677
52.4851825902766,38.0672457581386,1.26757929343253
58.267065574874,36.4094902435318,1.35372057477237
36.0370220293314,21.4286369923502,1.5175670443852
13.2792922763532,20.0779268611223,1.50514473254541
34.4923327460404,21.0439723171294,1.46204028603343
48.6959602458764,37.3312035948038,1.42262358678838
112.601760893492,31.5249033784494,1.08365996372545
98.6439367946017,26.2768514407799,0.9414865275299
26.3947336576098,39.1893156757578,1.48739664439672
109.781815883114,31.8238751403987,0.929092534923556
109.094854497121,30.6281867157668,1.01966778185079
110.673781624011,27.6787334308028,1.01950025651296
101.513958947168,26.3910645898432,1.03758617203071
70.6423456502875,36.1677251057699,1.16038136373467
33.5607780506927,20.8383899694309,1.48112444922623
104.881691934035,27.274853894487,0.998154722389235
62.6273932487436,37.1319393394515,1.31160757178753
90.5867407832689,33.9589315699413,1.24523754241322
105.722746203226,33.6897294595838,0.984450113585913
101.32330878056,26.9603010546416,1.06603756046931
114.027957444306,31.0936365881935,0.925693180687336
57.8084450305757,22.744872351177,1.27359988008356
75.4833373860848,35.6986311264336,1.28103291735183
54.2551021739421,37.7372514316812,1.31086771239689
66.3690349232219,24.0819176658988,1.48693319076342
83.242156185549,35.4124592291191,1.1908086616869
108.693240540007,31.9272592151538,1.01453984688706
9.30271804877915,39.1533948481083,1.6855968598987
66.6121398383874,23.1737679522485,1.4242968383905
96.9190882862707,30.519485482946,1.13634796238434
57.7054411344818,37.4630273506045,1.34195795047232
52.0543813719331,37.3941214056686,1.31801518452259
16.3746923017899,20.4737728647888,1.57074457707694
18.5901748943361,39.5177938695997,1.57294605474401
118.477400714826,29.8044839641079,1.02659550265996
101.772160507872,27.7834064606577,1.04482778573109
111.065316916783,28.3510991977528,0.942411983260153
46.9057270052532,21.8585164099932,1.48715074385538
58.1662075640328,23.2361842039973,1.44796840636292
96.4374577935213,28.1083299033344,1.04673725082592
88.6359328953605,26.8362888833508,1.11716163614475
110.875699998067,28.3051490643993,1.0191072296881
95.1161256930751,26.0810493817553,1.10294128687309
119.77468212734,31.2056107493117,0.96242476186928
67.0784591389007,23.1174830114469,1.41225485324542
30.973848155573,39.1315952828154,1.53780985261037
36.0688821338079,20.8793325070292,1.48789774682138
100.992663494499,27.4431548547,1.09628048063442
26.7039671139825,39.2523068282753,1.56776659912171
106.692414327006,32.9085503146052,1.06703537306531
42.4314023469975,21.225252286531,1.44826448937146
111.784154200579,28.198918569833,1.01961284204365
110.748249721811,28.5181026812643,0.889421229618611
105.002293271365,30.1631616940722,1.03661226566326
113.727079415681,28.991998215206,0.940688999670855
106.911839887989,32.4652276700363,0.941181225229984
62.9992121808933,22.7995586208999,1.2946695087822
45.3413808331891,38.1589280162007,1.46912117458739
106.964819324773,31.3888654951006,1.02855505013734
108.757281288192,30.9656114783138,1.05740829293481
56.4862388258845,22.3365524504334,1.43180902257321
83.2516414946011,35.2405666466802,1.24107184253472
105.135327969455,29.5673889340833,1.01255986296524
76.0984232057403,35.6393782934174,1.14250188588145
20.8931579498042,20.920530972071,1.59170917971057
62.8370451976503,36.3968933559954,1.40402061814215
88.6215462528377,25.3881689487025,1.13938109510894
81.0785526339089,25.6570082902908,1.08730125397343
91.6079027916872,32.8644311893731,1.16087077383675
35.5713251577677,38.9623767556623,1.52977120243932
10.6497407737196,20.1399690890685,1.6535384783812
90.6620900100891,27.0323534402996,1.14558975036169
107.133707183744,28.3809144981205,1.114736728039
117.564429702671,29.15753594134,1.03860095537594
95.8430368652133,34.2338515864685,1.06709526815083
41.481040577182,38.3969611534849,1.47081066962707
110.618832628027,32.5422140117735,0.897805345994122
40.0510891114744,38.0436355667189,1.43008986995658
87.5864415768038,35.1465831836686,1.29211082229373
55.0635435908487,22.7571673132479,1.47963940452031
62.9228659981298,23.0650975601748,1.30776265422977
86.0997986360022,23.8262437377125,1.11757750188437
114.432448451256,28.6637028120458,0.877705906601143
47.6078466342059,21.7443860368803,1.57358029974934
73.6886034520331,24.47560002096,1.25765425743274
103.299314935858,31.442973590456,1.00668803123091
120.191654743579,28.0033835675567,1.00551051570636
101.839366838362,31.3093076134101,0.982092217075179
67.3643001508872,36.5924775740132,1.34275598569019
107.22342735025,32.8422763897106,1.11901180995014
111.895854616222,27.8299750341103,0.974143070607108
98.7647972042621,34.1915970947593,1.17757210339371
48.9216960356271,22.1764814620838,1.46307039405623
