"0","data.table::fwrite("
"0","  x = data_v2, file = here::here(""data/tidys/wrangel_1_tidy.csv""))"
"2","Error in data.table::fwrite(x = data_v2, file = here::here(""data/tidys/wrangel_1_tidy.csv"")) : 
  No such file or directory: '/Users/graebnerc/EUF/Lehre/LV/MM-DataScience/FS24/SessionEnvironments/FinalRecap/data/tidys/wrangel_1_tidy.csv'. Unable to create new file for writing (it does not exist already). Do you have permission to write here, is there space on the disk and does the path exist?
"
